docId,SentenceID,Word,Tag
1,1,High-Performance,O
1,1,One-Body,B-morph
1,1,Core/Shell,B-morph
1,1,Nanowire,B-morph
1,1,Supercapacitor,O
1,1,Enabled,O
1,1,by,O
1,1,Conformal,O
1,1,Growth,O
1,1,of,O
1,1,Capacitive,O
1,1,2D,B-morph
1,1,WS2,B-mat
1,1,Layers,O
1,2,Two-dimensional,B-morph
1,2,2D,B-morph
1,2,transition-metal,B-mat
1,2,dichalcogenides,I-mat
1,2,TMDs,B-mat
1,2,have,O
1,2,emerged,O
1,2,as,O
1,2,promising,O
1,2,capacitive,O
1,2,materials,O
1,2,for,O
1,2,supercapacitor,O
1,2,devices,O
1,2,owing,O
1,2,to,O
1,2,their,O
1,2,intrinsically,O
1,2,layered,O
1,2,structure,O
1,2,and,O
1,2,large,O
1,2,surface,O
1,2,areas,O
1,3,Hierarchically,O
1,3,integrating,O
1,3,2D,B-morph
1,3,TMDs,B-mat
1,3,with,O
1,3,other,O
1,3,functional,O
1,3,nanomaterials,O
1,3,has,O
1,3,recently,O
1,3,been,O
1,3,pursued,O
1,3,to,O
1,3,improve,O
1,3,electrochemical,O
1,3,performances,O
1,3,however,O
1,3,it,O
1,3,often,O
1,3,suffers,O
1,3,from,O
1,3,limited,O
1,3,cyclic,O
1,3,stabilities,O
1,3,and,O
1,3,capacitance,O
1,3,losses,O
1,3,due,O
1,3,to,O
1,3,the,O
1,3,poor,O
1,3,structural,O
1,3,integrity,O
1,3,at,O
1,3,the,O
1,3,interfaces,O
1,3,of,O
1,3,randomly,O
1,3,assembled,O
1,3,materials,O
1,4,Here,O
1,4,we,O
1,4,report,O
1,4,high-performance,O
1,4,core/shell,B-morph
1,4,nanowire,B-morph
1,4,supercapacitors,O
1,4,based,O
1,4,on,O
1,4,an,O
1,4,array,O
1,4,of,O
1,4,one-dimensional,B-morph
1,4,1D,B-morph
1,4,nanowires,B-morph
1,4,seamlessly,O
1,4,integrated,O
1,4,with,O
1,4,conformal,O
1,4,2D,B-morph
1,4,TMD,B-mat
1,4,layers,O
1,5,The,O
1,5,1D,B-morph
1,5,and,O
1,5,2D,B-morph
1,5,supercapacitor,O
1,5,components,O
1,5,possess,O
1,5,one-body,B-morph
1,5,geometry,O
1,5,with,O
1,5,atomically,O
1,5,sharp,O
1,5,and,O
1,5,structurally,O
1,5,robust,O
1,5,core/shell,B-morph
1,5,interfaces,O
1,5,as,O
1,5,they,O
1,5,were,O
1,5,spontaneously,O
1,5,converted,O
1,5,from,O
1,5,identical,O
1,5,metal,O
1,5,current,O
1,5,collectors,O
1,5,via,O
1,5,sequential,O
1,5,oxidation/sulfurization,B-proc
1,6,These,O
1,6,hybrid,O
1,6,supercapacitors,O
1,6,outperform,O
1,6,previously,O
1,6,developed,O
1,6,any,O
1,6,stand-alone,O
1,6,2D,B-morph
1,6,TMD-based,O
1,6,supercapacitors,O
1,6,particularly,O
1,6,exhibiting,O
1,6,an,O
1,6,exceptional,O
1,6,charge-discharge,O
1,6,retention,O
1,6,over,O
1,6,30000,O
1,6,cycles,O
1,6,owing,O
1,6,to,O
1,6,their,O
1,6,structural,O
1,6,robustness,O
1,6,suggesting,O
1,6,great,O
1,6,potential,O
1,6,for,O
1,6,unconventional,O
1,6,energy,O
1,6,storage,O
1,6,technologies,O
1,7,Here,O
1,7,we,O
1,7,develop,O
1,7,high-performance,O
1,7,flexible,O
1,7,supercapacitors,O
1,7,based,O
1,7,on,O
1,7,1D/2D,B-morph
1,7,core/shell,B-morph
1,7,nanowires,B-morph
1,7,directly,O
1,7,assembled,O
1,7,on,O
1,7,metal,O
1,7,foils,O
1,7,and,O
1,7,explore,O
1,7,their,O
1,7,electrochemical,O
1,7,performances,O
1,8,All,O
1,8,nanowire,B-morph
1,8,supercapacitor,O
1,8,components,O
1,8,ie,O
1,8,highly,O
1,8,single-crystalline,B-morph
1,8,tungsten,B-mat
1,8,trioxide,I-mat
1,8,WO3,B-mat
1,8,core,O
1,8,and,O
1,8,2D,B-morph
1,8,WS2,B-mat
1,8,shell,O
1,8,were,O
1,8,fabricated,O
1,8,by,O
1,8,the,O
1,8,spontaneous,O
1,8,oxidation/sulfurization,B-proc
1,8,of,O
1,8,a,O
1,8,W,B-mat
1,8,foil,I-mat
1,8,which,O
1,8,leads,O
1,8,to,O
1,8,the,O
1,8,one-body,B-morph
1,8,array,O
1,8,of,O
1,8,supercapacitors,O
1,8,with,O
1,8,seamless,O
1,8,interfaces,O
1,9,These,O
1,9,supercapacitors,O
1,9,exhibit,O
1,9,excellent,O
1,9,electrochemical,O
1,9,performances,O
1,9,surpassing,O
1,9,previously,O
1,9,reported,O
1,9,standalone,O
1,9,2D,B-morph
1,9,TMD,B-mat
1,9,supercapacitors,O
1,9,particularly,O
1,9,impressively,O
1,9,long,O
1,9,cycle,O
1,9,stabilities,O
1,10,the,O
1,10,nanowire,B-morph
1,10,core,O
1,10,is,O
1,10,composed,O
1,10,of,O
1,10,electrically,O
1,10,conductive,O
1,10,highly,O
1,10,single-crystalline,B-morph
1,10,WO3,B-mat
1,10,for,O
1,10,efficient,O
1,10,carrier,O
1,10,transports,O
1,11,the,O
1,11,nanowire,B-morph
1,11,shell,O
1,11,is,O
1,11,composed,O
1,11,of,O
1,11,2D,B-morph
1,11,WS2,B-mat
1,11,with,O
1,11,subnanometer,O
1,11,physical,O
1,11,gaps,O
1,11,van,O
1,11,der,O
1,11,Waals,O
1,11,gaps,O
1,11,in,O
1,11,between,O
1,11,individual,O
1,11,2D,B-morph
1,11,layers,O
1,11,for,O
1,11,facile,O
1,11,ion,O
1,11,absorption,O
1,11,from,O
1,11,electrolytes,O
1,12,The,O
1,12,fabrication,O
1,12,starts,O
1,12,with,O
1,12,the,O
1,12,preparation,O
1,12,of,O
1,12,a,O
1,12,metal,O
1,12,current,O
1,12,collector,O
1,12,tungsten,B-mat
1,12,W,B-mat
1,12,foil,I-mat
1,12,which,O
1,12,is,O
1,12,to,O
1,12,be,O
1,12,sequentially,O
1,12,converted,O
1,12,to,O
1,12,W-based,O
1,12,core/shell,B-morph
1,12,nanowires,B-morph
1,13,The,O
1,13,W,B-mat
1,13,foil,I-mat
1,13,is,O
1,13,drop-casted,B-proc
1,13,with,O
1,13,potassium,B-electrolyte
1,13,hydroxide,I-electrolyte
1,13,KOH,B-electrolyte
1,13,and,O
1,13,is,O
1,13,subsequently,O
1,13,oxidized,B-proc
1,13,at,O
1,13,650,B-val
1,13,°C,I-val
1,13,which,O
1,13,leads,O
1,13,to,O
1,13,the,O
1,13,formation,O
1,13,of,O
1,13,vertically,O
1,13,aligned,O
1,13,single-crystalline,B-morph
1,13,WO3,B-mat
1,13,nanowires,B-morph
1,13,in,O
1,13,hexagonal,O
1,13,h-,O
1,13,structures,O
1,14,The,O
1,14,nanowires,O
1,14,are,O
1,14,then,O
1,14,sulfurized,B-proc
1,14,in,O
1,14,a,O
1,14,chemical,B-proc
1,14,vapor,I-proc
1,14,deposition,I-proc
1,14,CVD,B-proc
1,14,furnace,O
1,14,under,O
1,14,sulfur,B-mat
1,14,S,B-mat
1,14,environment,O
1,14,which,O
1,14,converts,O
1,14,the,O
1,14,outer,O
1,14,surface,O
1,14,of,O
1,14,the,O
1,14,h-WO3,B-mat
1,14,nanowires,B-morph
1,14,to,O
1,14,2D,B-morph
1,14,WS2,B-mat
1,15,The,O
1,15,morphology,O
1,15,of,O
1,15,the,O
1,15,hWO3/WS2,B-mat
1,15,core/shell,B-morph
1,15,nanowires,B-morph
1,15,is,O
1,15,characterized,O
1,15,with,O
1,15,scanning,O
1,15,electron,O
1,15,microscopy,O
1,15,SEM,O
1,15,X-ray,O
1,15,diffractometer,O
1,15,XRD,O
1,15,and,O
1,15,Raman,O
1,15,spectroscopy,O
1,16,The,O
1,16,SEM,O
1,16,image,O
1,16,reveals,O
1,16,highly,O
1,16,dense,O
1,16,well-aligned,O
1,16,nanowires,B-morph
1,16,with,O
1,16,diameters,B-morph
1,16,of,O
1,16,150-200,B-val
1,16,nm,I-val
1,16,and,O
1,16,lengths,B-morph
1,16,of,O
1,16,8−10,B-val
1,16,μm,I-val
1,16,leading,O
1,16,to,O
1,16,an,O
1,16,aspect,O
1,16,ratio,O
1,16,as,O
1,16,high,O
1,16,as,O
1,16,50,O
1,17,Figure,O
1,17,2c,O
1,17,shows,O
1,17,the,O
1,17,XRD,O
1,17,patterns,O
1,17,of,O
1,17,the,O
1,17,asprepared,O
1,17,core/shell,B-morph
1,17,nanowires,B-morph
1,17,on,O
1,17,the,O
1,17,W,B-mat
1,17,foil,I-mat
1,18,Most,O
1,18,of,O
1,18,the,O
1,18,distinguishable,O
1,18,XRD,O
1,18,peaks,O
1,18,can,O
1,18,be,O
1,18,indexed,O
1,18,to,O
1,18,the,O
1,18,standard,O
1,18,diffraction,O
1,18,patterns,O
1,18,of,O
1,18,single-crystalline,B-morph
1,18,h-WO3,B-mat
1,18,without,O
1,18,any,O
1,18,impurities,O
1,18,consistent,O
1,18,with,O
1,18,previous,O
1,18,reports,O
1,19,A,O
1,19,small,O
1,19,peak,O
1,19,observed,O
1,19,at,O
1,19,2θ,O
1,19,=,O
1,19,57.8°,O
1,19,can,O
1,19,be,O
1,19,attributed,O
1,19,to,O
1,19,the,O
1,19,200,O
1,19,lattice,O
1,19,planes,O
1,19,of,O
1,19,pure,O
1,19,W,B-mat
1,19,which,O
1,19,must,O
1,19,be,O
1,19,originated,O
1,19,from,O
1,19,the,O
1,19,W,B-mat
1,19,foil,I-mat
1,20,The,O
1,20,absence,O
1,20,of,O
1,20,XRD,O
1,20,peaks,O
1,20,corresponding,O
1,20,to,O
1,20,2D,B-morph
1,20,WS2,B-mat
1,20,layers,O
1,20,is,O
1,20,obvious,O
1,20,because,O
1,20,of,O
1,20,the,O
1,20,small,O
1,20,thickness,O
1,20,of,O
1,20,2D,B-morph
1,20,WS2,B-mat
1,20,and,O
1,20,details,O
1,20,are,O
1,20,discussed,O
1,20,and,O
1,20,confirmed,O
1,20,in,O
1,20,proceeding,O
1,20,sections,O
1,21,The,O
1,21,structural,O
1,21,quality,O
1,21,of,O
1,21,h-WO3/WS2,B-mat
1,21,core/shell,B-morph
1,21,nanowires,B-morph
1,21,was,O
1,21,further,O
1,21,characterized,O
1,21,by,O
1,21,the,O
1,21,Raman,O
1,21,spectroscopy,O
1,21,under,O
1,21,532,B-val
1,21,nm,I-val
1,21,laser,O
1,21,attained,O
1,21,at,O
1,21,room,O
1,21,temperature,O
1,22,Indeed,O
1,22,the,O
1,22,Raman,O
1,22,characterization,O
1,22,of,O
1,22,as-prepared,O
1,22,h-WO3,B-mat
1,22,nanowires,B-morph
1,22,before,O
1,22,sulfurization,B-proc
1,22,more,O
1,22,clearly,O
1,22,reveals,O
1,22,the,O
1,22,stretching,O
1,22,modes,O
1,22,of,O
1,22,O−W−O,O
1,22,bonds,O
1,23,To,O
1,23,elucidate,O
1,23,the,O
1,23,crystalline,O
1,23,structure,O
1,23,and,O
1,23,the,O
1,23,interface,O
1,23,morphology,O
1,23,of,O
1,23,the,O
1,23,h-WO3/WS2,B-mat
1,23,core/shell,B-morph
1,23,nanowires,B-morph
1,23,various,O
1,23,transmission,O
1,23,electron,O
1,23,microscopy,O
1,23,TEM,O
1,23,characterizations,O
1,23,were,O
1,23,performed,O
1,24,highly,O
1,24,single-crystalline,B-morph
1,24,hWO3,B-mat
1,24,core,O
1,24,which,O
1,24,maintains,O
1,24,its,O
1,24,crystallinity,O
1,24,throughout,O
1,24,the,O
1,24,entire,O
1,24,nanowire,B-morph
1,24,length,B-morph
1,24,along,O
1,24,the,O
1,24,[001],O
1,24,axis,O
1,24,of,O
1,24,h-WO3,B-mat
1,25,The,O
1,25,zoomed-in,O
1,25,ADF-STEM,O
1,25,image,O
1,25,in,O
1,25,Figure,O
1,25,3c,O
1,25,further,O
1,25,shows,O
1,25,that,O
1,25,the,O
1,25,shell,O
1,25,is,O
1,25,composed,O
1,25,of,O
1,25,2D,B-morph
1,25,WS2,B-mat
1,25,layers,O
1,25,with,O
1,25,uniformly,O
1,25,spaced,O
1,25,2D,B-morph
1,25,layers,O
1,25,as,O
1,25,well,O
1,25,as,O
1,25,the,O
1,25,atomically,O
1,25,sharp,O
1,25,core/shell,B-morph
1,25,interface,O
1,25,of,O
1,25,h-WO3/WS2,B-mat
1,26,The,O
1,26,morphology,O
1,26,of,O
1,26,the,O
1,26,hWO3/WS2,B-mat
1,26,core/shell,B-morph
1,26,nanowire,B-morph
1,26,is,O
1,26,further,O
1,26,investigated,O
1,26,by,O
1,26,crosssectional,O
1,26,TEM,O
1,26,characterizations,O
1,27,The,O
1,27,stacking,O
1,27,of,O
1,27,such,O
1,27,crystalline,O
1,27,units,O
1,27,along,O
1,27,the,O
1,27,c-axis,O
1,27,suggests,O
1,27,that,O
1,27,core,O
1,27,h-WO3,B-mat
1,27,nanowires,B-morph
1,27,possess,O
1,27,a,O
1,27,long,O
1,27,1D,B-morph
1,27,hexagonal,O
1,27,open,O
1,27,channel,O
1,27,along,O
1,27,their,O
1,27,lengths,B-morph
1,28,These,O
1,28,open,O
1,28,1D,B-morph
1,28,channels,O
1,28,are,O
1,28,the,O
1,28,intrinsic,O
1,28,features,O
1,28,of,O
1,28,h-WO3,B-mat
1,28,compared,O
1,28,to,O
1,28,other,O
1,28,phases,O
1,28,such,O
1,28,as,O
1,28,monoclinic,O
1,28,m-,O
1,28,WO3,B-mat
1,28,and,O
1,28,their,O
1,28,advantages,O
1,28,for,O
1,28,pseudocapacitive,O
1,28,reactions,O
1,28,via,O
1,28,enhanced,O
1,28,ion/carrier,O
1,28,transports,O
1,28,have,O
1,28,previously,O
1,28,been,O
1,28,suggested,O
1,28,elsewhere,O
1,29,The,O
1,29,morphology,O
1,29,of,O
1,29,the,O
1,29,h-WO3/WS2,B-mat
1,29,interface,O
1,29,was,O
1,29,also,O
1,29,investigated,O
1,29,by,O
1,29,BF-HRTEM,O
1,29,and,O
1,29,energy,O
1,29,dispersive,O
1,29,Xray,O
1,29,spectroscopy,O
1,29,EDS-STEM,O
1,29,characterizations,O
1,30,The,O
1,30,BF-HRTEM,O
1,30,images,O
1,30,also,O
1,30,confirm,O
1,30,the,O
1,30,atomically,O
1,30,sharp,O
1,30,hWO3/WS2,B-mat
1,30,interface,O
1,30,indicating,O
1,30,the,O
1,30,conformal,O
1,30,growth,O
1,30,of,O
1,30,2D,B-morph
1,30,WS2,B-mat
1,30,layers,O
1,30,on,O
1,30,top,O
1,30,of,O
1,30,the,O
1,30,outer,O
1,30,surface,O
1,30,of,O
1,30,the,O
1,30,h-WO3,B-mat
1,30,core,O
1,31,The,O
1,31,electrochemical,O
1,31,performance,O
1,31,of,O
1,31,the,O
1,31,h-WO3/WS2,B-mat
1,31,core/shell,B-morph
1,31,nanowire,B-morph
1,31,on,O
1,31,a,O
1,31,W,B-mat
1,31,foil,I-mat
1,31,effective,O
1,31,area:,O
1,31,1,B-val
1,31,cm2,I-val
1,31,was,O
1,31,evaluated,O
1,31,in,O
1,31,a,O
1,31,three-electrode,O
1,31,geometry,O
1,31,using,O
1,31,0.1,B-val
1,31,M,I-val
1,31,sodium,B-electrolyte
1,31,sulfate,I-electrolyte
1,31,Na2SO4,B-electrolyte
1,31,solution,O
1,31,as,O
1,31,an,O
1,31,electrolyte,O
1,31,and,O
1,31,the,O
1,31,backside,O
1,31,of,O
1,31,the,O
1,31,W,B-mat
1,31,foil,I-mat
1,31,as,O
1,31,a,O
1,31,working,O
1,31,electrode,O
1,32,These,O
1,32,values,O
1,32,are,O
1,32,much,O
1,32,higher,O
1,32,than,O
1,32,those,O
1,32,from,O
1,32,previously,O
1,32,developed,O
1,32,stand-alone,O
1,32,2D,B-morph
1,32,TMD-based,O
1,32,supercapacitors,O
1,32,and,O
1,32,their,O
1,32,composites,O
1,32,obtained,O
1,32,at,O
1,32,comparable,O
1,32,scan,O
1,32,rates,O
1,33,For,O
1,33,comparison,O
1,33,pristine,O
1,33,h-WO3,B-mat
1,33,nanowires,B-morph
1,33,prior,O
1,33,to,O
1,33,sulfurization,B-proc
1,33,were,O
1,33,also,O
1,33,tested,O
1,33,under,O
1,33,CV,O
1,33,measurements,O
1,34,The,O
1,34,plots,O
1,34,show,O
1,34,2,O
1,34,orders,O
1,34,of,O
1,34,magnitude,O
1,34,lower,O
1,34,capacitance,O
1,34,for,O
1,34,the,O
1,34,pristine,O
1,34,state,O
1,34,in,O
1,34,comparison,O
1,34,to,O
1,34,the,O
1,34,core/shell,B-morph
1,34,structureindicating,O
1,34,that,O
1,34,the,O
1,34,2D,B-morph
1,34,WS2,B-mat
1,34,shell,O
1,34,is,O
1,34,critically,O
1,34,responsible,O
1,34,for,O
1,34,enhancing,O
1,34,the,O
1,34,capacitive,O
1,34,performance,O
1,35,The,O
1,35,initial,O
1,35,increase,O
1,35,of,O
1,35,the,O
1,35,capacitance,O
1,35,is,O
1,35,attributed,O
1,35,to,O
1,35,that,O
1,35,the,O
1,35,2D,B-morph
1,35,WS2,B-mat
1,35,shell,O
1,35,becomes,O
1,35,more,O
1,35,electrochemically,O
1,35,active,O
1,35,with,O
1,35,increasing,O
1,35,cycles,O
1,35,as,O
1,35,the,O
1,35,number,O
1,35,of,O
1,35,2D,B-morph
1,35,layers,O
1,35,that,O
1,35,come,O
1,35,into,O
1,35,contact,O
1,35,with,O
1,35,the,O
1,35,electrolyte,O
1,35,increases,O
1,36,which,O
1,36,surpasses,O
1,36,the,O
1,36,performance,O
1,36,of,O
1,36,all,O
1,36,the,O
1,36,previously,O
1,36,reported,O
1,36,2D,B-morph
1,36,TMDs-based,O
1,36,supercapacitors,O
1,36,and,O
1,36,is,O
1,36,comparable,O
1,36,to,O
1,36,the,O
1,36,state-of-the-art,O
1,36,carbon-based,O
1,36,supercapacitors,O
1,37,Higher,O
1,37,capacitance,O
1,37,values,O
1,37,were,O
1,37,obtained,O
1,37,with,O
1,37,lowering,O
1,37,scan,O
1,37,rates,O
1,37,in,O
1,37,the,O
1,37,tested,O
1,37,range,O
1,37,of,O
1,37,5,B-val
1,37,mV/s,I-val
1,37,to,O
1,37,1000,B-val
1,37,mV/s,I-val
1,37,for,O
1,37,example,O
1,37,47.5,B-val
1,37,mF/cm2,I-val
1,37,at,O
1,37,5,B-val
1,37,mV/s,I-val
1,37,and,O
1,37,33,B-val
1,37,mF/cm2,I-val
1,37,at,O
1,37,10,B-val
1,37,mV/s,I-val
1,38,The,O
1,38,solid-state,O
1,38,device,O
1,38,achieved,O
1,38,a,O
1,38,maximum,O
1,38,areal,O
1,38,capacitance,O
1,38,of,O
1,38,18.3,B-val
1,38,mF/cm2,I-val
1,38,at,O
1,38,a,O
1,38,scan,O
1,38,rate,O
1,38,of,O
1,38,5,B-val
1,38,mV/s,I-val
1,38,which,O
1,38,is,O
1,38,much,O
1,38,higher,O
1,38,than,O
1,38,other,O
1,38,2D,B-morph
1,38,material-based,O
1,38,devices,O
1,38,fabricated,O
1,38,by,O
1,38,various,O
1,38,methods,O
1,38,such,O
1,38,as,O
1,38,spray,O
1,38,painted,O
1,38,MoS2,B-mat
1,38,nanosheets,O
1,38,8,B-val
1,38,mF/cm2,I-val
1,39,The,O
1,39,excellent,O
1,39,electrochemical,O
1,39,properties,O
1,39,of,O
1,39,the,O
1,39,core/shell,B-morph
1,39,nanowires,B-morph
1,39,are,O
1,39,mainly,O
1,39,attributed,O
1,39,to,O
1,39,EDLC,O
1,39,mechanism,O
1,39,but,O
1,39,the,O
1,39,possibility,O
1,39,of,O
1,39,pseudocapacitive,O
1,39,reactions,O
1,39,cannot,O
1,39,be,O
1,39,completely,O
1,39,ruled,O
1,39,out,O
1,40,In,O
1,40,the,O
1,40,first,O
1,40,step,O
1,40,an,O
1,40,array,O
1,40,of,O
1,40,vertically,O
1,40,aligned,O
1,40,h-WO3,B-mat
1,40,nanowires,B-morph
1,40,was,O
1,40,prepared,O
1,40,on,O
1,40,top,O
1,40,of,O
1,40,a,O
1,40,thin,O
1,40,100,B-val
1,40,μm,I-val
1,40,W,B-mat
1,40,foil,I-mat
1,40,by,O
1,40,its,O
1,40,oxidation,B-proc
1,41,First,O
1,41,the,O
1,41,W,B-mat
1,41,foil,I-mat
1,41,was,O
1,41,sequentially,O
1,41,cleaned,O
1,41,in,O
1,41,an,O
1,41,ultrasonic,O
1,41,bath,O
1,41,with,O
1,41,acetone,O
1,41,hydrochloric,O
1,41,acid,O
1,41,ethanol,O
1,41,and,O
1,41,deionized,O
1,41,water,O
1,41,A,O
1,41,10,O
1,41,wt,O
1,41,%,O
1,41,KOH,B-electrolyte
1,41,solution,O
1,41,was,O
1,41,drop-casted,B-proc
1,41,on,O
1,41,the,O
1,41,top,O
1,41,surface,O
1,41,of,O
1,41,the,O
1,41,foil,O
1,41,followed,O
1,41,by,O
1,41,spin,B-proc
1,41,coating,I-proc
1,41,at,O
1,41,2000,B-val
1,41,rpm,I-val
1,42,Then,O
1,42,the,O
1,42,foil,O
1,42,was,O
1,42,kept,O
1,42,in,O
1,42,a,O
1,42,thermal,O
1,42,furnace,O
1,42,which,O
1,42,was,O
1,42,subsequently,O
1,42,heat,B-proc
1,42,up,I-proc
1,42,from,O
1,42,room,O
1,42,temperature,O
1,42,to,O
1,42,650,B-val
1,42,°C,I-val
1,42,at,O
1,42,a,O
1,42,ramp,O
1,42,rate,O
1,42,of,O
1,42,12,B-val
1,42,°C/min,I-val
1,42,The,O
1,42,furnace,O
1,42,was,O
1,42,held,O
1,42,for,O
1,42,2,B-val
1,42,h,I-val
1,42,dwell,O
1,42,time,O
1,42,at,O
1,42,atmospheric,O
1,42,pressure,O
1,42,followed,O
1,42,by,O
1,42,a,O
1,42,natural,O
1,42,cool-down,O
1,42,to,O
1,42,room,O
1,42,temperature,O
1,43,furnace,O
1,43,was,O
1,43,heated,B-proc
1,43,up,I-proc
1,43,to,O
1,43,850,B-val
1,43,°C,I-val
1,43,at,O
1,43,a,O
1,43,rate,O
1,43,of,O
1,43,20,B-val
1,43,°C/min,I-val
1,43,and,O
1,43,was,O
1,43,held,O
1,43,for,O
1,43,40,B-val
1,43,min,I-val
2,44,We,O
2,44,report,O
2,44,a,O
2,44,coaxial,O
2,44,fiber,O
2,44,supercapacitor,O
2,44,which,O
2,44,consists,O
2,44,of,O
2,44,carbon,B-mat
2,44,microfiber,B-morph
2,44,bundles,I-morph
2,44,coated,O
2,44,with,O
2,44,multiwalled,O
2,44,carbon,B-mat
2,44,nanotubes,B-morph
2,44,as,O
2,44,a,O
2,44,core,O
2,44,electrode,O
2,44,and,O
2,44,carbon,B-mat
2,44,nanofiber,B-morph
2,44,paper,O
2,44,as,O
2,44,an,O
2,44,outer,O
2,44,electrode,O
2,45,The,O
2,45,capacitance,O
2,45,reached,O
2,45,6.3,B-val
2,45,mF,I-val
2,45,cm-1,I-val
2,45,86.8,B-val
2,45,mF,I-val
2,45,cm-2,I-val
2,45,at,O
2,45,a,O
2,45,core,O
2,45,electrode,O
2,45,diameter,B-morph
2,45,of,O
2,45,230,B-val
2,45,µm,I-val
2,45,and,O
2,45,the,O
2,45,measured,O
2,45,energy,O
2,45,density,O
2,45,was,O
2,45,0.7,B-val
2,45,µWh,I-val
2,45,cm-1,I-val
2,45,9.8,B-val
2,45,µWh,I-val
2,45,cm-2,I-val
2,45,at,O
2,45,a,O
2,45,power,O
2,45,density,O
2,45,of,O
2,45,13.7,B-val
2,45,µW,I-val
2,45,cm-1,I-val
2,45,189.4,B-val
2,45,µW,I-val
2,45,cm-2,I-val
2,45,which,O
2,45,were,O
2,45,much,O
2,45,higher,O
2,45,than,O
2,45,the,O
2,45,previous,O
2,45,reports,O
2,46,The,O
2,46,high,O
2,46,capacitance,O
2,46,high,O
2,46,energy,O
2,46,density,O
2,46,and,O
2,46,power,O
2,46,density,O
2,46,of,O
2,46,the,O
2,46,coaxial,O
2,46,fiber,O
2,46,supercapacitor,O
2,46,are,O
2,46,attributed,O
2,46,to,O
2,46,not,O
2,46,only,O
2,46,high,O
2,46,effective,O
2,46,surface,O
2,46,area,O
2,46,due,O
2,46,to,O
2,46,its,O
2,46,coaxial,O
2,46,structure,O
2,46,and,O
2,46,bundle,O
2,46,of,O
2,46,the,O
2,46,core,O
2,46,electrode,O
2,46,but,O
2,46,also,O
2,46,all-carbon,O
2,46,materials,O
2,46,electrodes,O
2,46,which,O
2,46,have,O
2,46,high,O
2,46,conductivity,O
2,47,Carbon,B-mat
2,47,microfibers,B-morph
2,47,CMFs,B-mat
2,47,are,O
2,47,well-known,O
2,47,for,O
2,47,not,O
2,47,only,O
2,47,high,O
2,47,mechanical,O
2,47,strength,O
2,47,but,O
2,47,also,O
2,47,light,O
2,47,highly,O
2,47,conductive,O
2,47,bendable,O
2,47,and,O
2,47,inert,O
2,47,under,O
2,47,ambient,O
2,47,conditions,O
2,47,and,O
2,47,can,O
2,47,be,O
2,47,woven,O
2,47,to,O
2,47,form,O
2,47,wearable,O
2,47,cloths,O
2,47,and,O
2,47,are,O
2,47,thus,O
2,47,attractive,O
2,47,as,O
2,47,electrode,O
2,47,materials,O
2,47,for,O
2,47,various,O
2,47,energy,O
2,47,storage,O
2,47,devices,O
2,48,Our,O
2,48,aim,O
2,48,is,O
2,48,using,O
2,48,CMFs,B-mat
2,48,to,O
2,48,design,O
2,48,a,O
2,48,highly,O
2,48,flexible,O
2,48,coaxial,O
2,48,fiber,O
2,48,supercapacitor,O
2,48,with,O
2,48,high,O
2,48,energy,O
2,48,density,O
2,48,and,O
2,48,power,O
2,48,density,O
2,48,which,O
2,48,can,O
2,48,ultimately,O
2,48,be,O
2,48,woven,O
2,48,into,O
2,48,self-powered,O
2,48,wearable,O
2,48,electronics,O
2,49,In,O
2,49,this,O
2,49,report,O
2,49,a,O
2,49,coaxial,O
2,49,fiber,O
2,49,supercapacitor,O
2,49,was,O
2,49,fabricated,O
2,49,using,O
2,49,all,O
2,49,carbon,B-mat
2,49,materials,O
2,50,The,O
2,50,structure,O
2,50,of,O
2,50,the,O
2,50,developed,O
2,50,supercapacitor,O
2,50,consisted,O
2,50,of,O
2,50,a,O
2,50,carbon,B-mat
2,50,microfiber,B-morph
2,50,bundle,O
2,50,coated,O
2,50,with,O
2,50,multiwalled,B-morph
2,50,carbon,B-mat
2,50,nanotubes,B-morph
2,50,MWCNTs,B-mat
2,50,as,O
2,50,a,O
2,50,core,O
2,50,electrode,O
2,50,in,O
2,50,the,O
2,50,center,O
2,50,of,O
2,50,the,O
2,50,coaxial,O
2,50,supercapacitor,O
2,50,and,O
2,50,a,O
2,50,carbon,B-mat
2,50,nanofiber,B-morph
2,50,CNF,B-mat
2,50,film,O
2,50,prepared,O
2,50,by,O
2,50,electrospinning,B-proc
2,50,as,O
2,50,an,O
2,50,outer,O
2,50,electrode,O
2,51,A,O
2,51,commercially-available,O
2,51,CMF,B-mat
2,51,bundle,O
2,51,with,O
2,51,an,O
2,51,individual,O
2,51,fiber,O
2,51,diameter,B-morph
2,51,of,O
2,51,7,B-val
2,51,µm,I-val
2,51,was,O
2,51,used,O
2,51,as,O
2,51,a,O
2,51,core,O
2,51,electrode,O
2,51,due,O
2,51,to,O
2,51,its,O
2,51,high,O
2,51,mechanical,O
2,51,strength,O
2,51,tensile,O
2,51,strength,O
2,51,2,O
2,51,GPa,O
2,51,Figure,O
2,51,S1,O
2,51,and,O
2,51,high,O
2,51,conductivity,O
2,51,103,B-val
2,51,S/cm,I-val
2,52,To,O
2,52,increase,O
2,52,the,O
2,52,specific,O
2,52,capacitance,O
2,52,MWCNTs,B-mat
2,52,were,O
2,52,coated,O
2,52,onto,O
2,52,CMF,B-mat
2,52,bundle,O
2,52,MWCNTs,B-mat
2,52,were,O
2,52,dispersed,O
2,52,in,O
2,52,a,O
2,52,sodium,B-electrolyte
2,52,dodecylbenzenesulfonate,I-electrolyte
2,52,NaDDBs,B-electrolyte
2,52,solution,O
2,53,A,O
2,53,spray,B-proc
2,53,method,I-proc
2,53,was,O
2,53,adopted,O
2,53,to,O
2,53,deposit,O
2,53,MWCNTs,B-mat
2,53,on,O
2,53,CMF,B-mat
2,53,because,O
2,53,dipping,B-proc
2,53,method,O
2,53,yielded,O
2,53,non-homogeneous,O
2,53,deposition,O
2,53,and,O
2,53,poor,O
2,53,mechanical,O
2,53,adhesion,O
2,53,with,O
2,53,limitation,O
2,53,of,O
2,53,massive,O
2,53,loading,O
2,54,In,O
2,54,order,O
2,54,to,O
2,54,coat,O
2,54,CMFs,B-mat
2,54,with,O
2,54,MWCNTs,B-mat
2,54,uniformly,O
2,54,the,O
2,54,CMF,B-mat
2,54,bundle,O
2,54,was,O
2,54,first,O
2,54,spread,O
2,54,out,O
2,54,on,O
2,54,the,O
2,54,paper,O
2,55,The,O
2,55,paper,O
2,55,was,O
2,55,slowly,O
2,55,taken,O
2,55,out,O
2,55,of,O
2,55,the,O
2,55,solution,O
2,55,to,O
2,55,prevent,O
2,55,CMF,B-mat
2,55,aggregation,O
2,56,The,O
2,56,prepared,O
2,56,planar,O
2,56,CMFs,B-mat
2,56,were,O
2,56,then,O
2,56,heated,B-proc
2,56,by,O
2,56,a,O
2,56,hot,O
2,56,plate,O
2,56,during,O
2,56,spray,B-proc
2,56,of,O
2,56,MWCNTs,B-mat
2,57,The,O
2,57,MWCNT,B-mat
2,57,droplets,O
2,57,were,O
2,57,evaporated,O
2,57,to,O
2,57,leave,O
2,57,MWCNTs,B-mat
2,57,only,O
2,57,on,O
2,57,the,O
2,57,CMF,B-mat
2,57,surface,O
2,57,before,O
2,57,the,O
2,57,next,O
2,57,droplets,O
2,57,arrived,O
2,58,This,O
2,58,enhanced,O
2,58,condensation,O
2,58,of,O
2,58,MWCNTs,B-mat
2,58,on,O
2,58,the,O
2,58,CMF,B-mat
2,58,surface,O
2,58,and,O
2,58,prevented,O
2,58,MWCNT,B-mat
2,58,aggregation,O
2,59,After,O
2,59,coating,O
2,59,with,O
2,59,MWCNTs,B-mat
2,59,the,O
2,59,MWCNTs/CMF,B-mat
2,59,was,O
2,59,dipped,B-proc
2,59,in,O
2,59,HNO3,O
2,59,to,O
2,59,remove,O
2,59,NaDDBs,B-electrolyte
2,59,and,O
2,59,then,O
2,59,washed,O
2,59,with,O
2,59,DI,O
2,59,water,O
2,59,several,O
2,59,times,O
2,60,Up,O
2,60,to,O
2,60,90%,O
2,60,of,O
2,60,the,O
2,60,CMF,B-mat
2,60,in,O
2,60,the,O
2,60,bundle,O
2,60,were,O
2,60,uniformly,O
2,60,coated,O
2,60,with,O
2,60,MWCNTs,B-mat
2,61,Electrospun,O
2,61,CNF,B-mat
2,61,film,O
2,61,made,O
2,61,of,O
2,61,polyacrylonitrile,B-mat
2,61,PAN,B-mat
2,61,polymer,O
2,61,was,O
2,61,used,O
2,61,as,O
2,61,an,O
2,61,outer,O
2,61,electrode,O
2,62,The,O
2,62,core,O
2,62,and,O
2,62,outer,O
2,62,electrode,O
2,62,were,O
2,62,soaked,O
2,62,with,O
2,62,polymer,B-electrolyte
2,62,electrolyte,I-electrolyte
2,62,and,O
2,62,then,O
2,62,a,O
2,62,separator,O
2,62,and,O
2,62,the,O
2,62,outer,O
2,62,electrode,O
2,62,were,O
2,62,wrapped,O
2,62,in,O
2,62,series,O
2,62,around,O
2,62,the,O
2,62,core,O
2,62,electrode,O
2,63,Figure,O
2,63,2,O
2,63,shows,O
2,63,half-cell,O
2,63,test,O
2,63,with,O
2,63,three,O
2,63,electrodes,O
2,63,of,O
2,63,the,O
2,63,core,O
2,63,electrode,O
2,63,with,O
2,63,different,O
2,63,volumes,O
2,63,of,O
2,63,MWCNT,B-mat
2,63,solution,O
2,63,loading,O
2,64,The,O
2,64,current,O
2,64,was,O
2,64,enhanced,O
2,64,as,O
2,64,the,O
2,64,loading,O
2,64,content,O
2,64,of,O
2,64,MWCNTs,B-mat
2,64,increased,O
2,65,The,O
2,65,oxidation,B-proc
2,65,peak,O
2,65,current,O
2,65,reached,O
2,65,0.32,B-val
2,65,mA,I-val
2,65,at,O
2,65,6,B-val
2,65,ml,I-val
2,65,40,O
2,65,times,O
2,65,larger,O
2,65,than,O
2,65,the,O
2,65,0.0079,B-val
2,65,mA,I-val
2,65,of,O
2,65,pristine,O
2,65,CMF,B-mat
2,66,It,O
2,66,is,O
2,66,intriguing,O
2,66,to,O
2,66,note,O
2,66,that,O
2,66,the,O
2,66,equivalent,O
2,66,series,O
2,66,resistance,O
2,66,ESR,O
2,66,was,O
2,66,not,O
2,66,altered,O
2,66,much,O
2,66,with,O
2,66,the,O
2,66,change,O
2,66,in,O
2,66,MWCNT,B-mat
2,66,content,O
2,67,The,O
2,67,diffusion,O
2,67,resistance,O
2,67,did,O
2,67,not,O
2,67,change,O
2,67,up,O
2,67,to,O
2,67,4,B-val
2,67,ml,I-val
2,67,MWCNT,B-mat
2,67,content,O
2,67,whereas,O
2,67,a,O
2,67,significant,O
2,67,increase,O
2,67,in,O
2,67,the,O
2,67,diffusion,O
2,67,resistance,O
2,67,was,O
2,67,observed,O
2,67,at,O
2,67,6,B-val
2,67,ml,I-val
2,67,MWCNT,B-mat
2,67,content,O
2,68,This,O
2,68,diffusion,O
2,68,resistance,O
2,68,originates,O
2,68,from,O
2,68,the,O
2,68,thick,O
2,68,MWCNTs,B-mat
2,68,accumulated,O
2,68,on,O
2,68,the,O
2,68,CMF,B-mat
2,68,surface,O
2,69,The,O
2,69,diameter,B-morph
2,69,of,O
2,69,the,O
2,69,CMF,B-mat
2,69,bundle,O
2,69,coated,O
2,69,with,O
2,69,MWCNTs,B-mat
2,69,reached,O
2,69,250,B-val
2,69,µm,I-val
2,69,at,O
2,69,6,B-val
2,69,ml,I-val
2,69,from,O
2,69,170,B-val
2,69,µm,I-val
2,69,of,O
2,69,pristine,O
2,69,CMF,B-mat
2,70,The,O
2,70,length,B-morph
2,70,capacitance,O
2,70,increased,O
2,70,as,O
2,70,the,O
2,70,MWCNT,B-mat
2,70,loading,O
2,70,increased,O
2,70,due,O
2,70,to,O
2,70,increased,O
2,70,surface,O
2,70,area,O
2,70,of,O
2,70,the,O
2,70,MWCNTs/CMF,B-mat
2,71,At,O
2,71,larger-diameter,O
2,71,MWCNTs/CMF,B-mat
2,71,the,O
2,71,capacitance,O
2,71,decreased,O
2,71,more,O
2,71,rapidly,O
2,71,as,O
2,71,the,O
2,71,scan,O
2,71,rate,O
2,71,increased,O
2,71,due,O
2,71,to,O
2,71,the,O
2,71,limited,O
2,71,diffusion,O
2,71,of,O
2,71,ions,O
2,71,through,O
2,71,the,O
2,71,thick,O
2,71,MWCNT,B-mat
2,71,network,O
2,72,As,O
2,72,the,O
2,72,MWCNT,B-mat
2,72,content,O
2,72,increased,O
2,72,from,O
2,72,2,B-val
2,72,ml,I-val
2,72,to,O
2,72,6,B-val
2,72,ml,I-val
2,72,the,O
2,72,specific,O
2,72,capacitance,O
2,72,of,O
2,72,MWCNTs,B-mat
2,72,decreased,O
2,72,from,O
2,72,80,O
2,72,to,O
2,72,42,O
2,72,F,O
2,72,g-1,O
2,73,On,O
2,73,the,O
2,73,other,O
2,73,hand,O
2,73,the,O
2,73,specific,O
2,73,capacitance,O
2,73,of,O
2,73,MWCNTs/CMF,B-mat
2,73,increased,O
2,73,from,O
2,73,3.6,O
2,73,to,O
2,73,11.1,O
2,73,F,O
2,73,g-1,O
2,74,The,O
2,74,decrease,O
2,74,in,O
2,74,the,O
2,74,specific,O
2,74,capacitance,O
2,74,of,O
2,74,the,O
2,74,MWCNTs,B-mat
2,74,only,O
2,74,as,O
2,74,the,O
2,74,MWCNT,B-mat
2,74,loading,O
2,74,increased,O
2,74,appears,O
2,74,similar,O
2,74,to,O
2,74,the,O
2,74,dependence,O
2,74,of,O
2,74,areal,O
2,74,capacitance,O
2,74,on,O
2,74,SWCNT,B-mat
2,74,thickness,O
2,74,as,O
2,74,previously,O
2,74,reported,O
2,75,The,O
2,75,electrochemical,O
2,75,properties,O
2,75,of,O
2,75,CNF,B-mat
2,75,film,O
2,75,as,O
2,75,an,O
2,75,outer,O
2,75,electrode,O
2,75,were,O
2,75,evaluated,O
2,75,and,O
2,75,further,O
2,75,compared,O
2,75,to,O
2,75,those,O
2,75,of,O
2,75,the,O
2,75,core,O
2,75,electrode,O
2,75,as,O
2,75,showed,O
2,75,in,O
2,75,Figure,O
2,75,4,O
2,76,The,O
2,76,high,O
2,76,capacitance,O
2,76,originates,O
2,76,both,O
2,76,from,O
2,76,pseudocapacitance,O
2,76,due,O
2,76,to,O
2,76,chemical,O
2,76,reactions,O
2,76,associated,O
2,76,with,O
2,76,defects,O
2,76,and,O
2,76,functional,O
2,76,groups,O
2,76,remaining,O
2,76,on,O
2,76,the,O
2,76,MWCNT,B-mat
2,76,surface,O
2,76,and,O
2,76,from,O
2,76,electric,O
2,76,double,O
2,76,layer,O
2,76,capacitance,O
2,76,EDLC,O
2,77,The,O
2,77,capacitance,O
2,77,of,O
2,77,the,O
2,77,CNFs,B-mat
2,77,was,O
2,77,13.8,B-val
2,77,F,I-val
2,77,cm-3,I-val
2,77,similar,O
2,77,to,O
2,77,that,O
2,77,of,O
2,77,MWCNTs/CMF,B-mat
2,78,The,O
2,78,gravimetric,O
2,78,capacitance,O
2,78,of,O
2,78,the,O
2,78,CNF,B-mat
2,78,film,O
2,78,was,O
2,78,129.8,B-val
2,78,F,I-val
2,78,g-1,I-val
2,78,at,O
2,78,a,O
2,78,scan,O
2,78,rate,O
2,78,of,O
2,78,5,B-val
2,78,mV,I-val
2,78,s-1,I-val
2,79,The,O
2,79,ESR,O
2,79,of,O
2,79,CMF,B-mat
2,79,and,O
2,79,MWCNTs/CMF,B-mat
2,79,were,O
2,79,1.6,B-val
2,79,Ω/cm,I-val
2,79,and,O
2,79,1.4,B-val
2,79,Ω/cm,I-val
2,79,revealed,O
2,79,that,O
2,79,MWCNTs,B-mat
2,79,improved,O
2,79,the,O
2,79,conductivity,O
2,79,of,O
2,79,the,O
2,79,CMF,B-mat
2,79,bundle,O
2,79,whereas,O
2,79,the,O
2,79,ESR,O
2,79,of,O
2,79,CNF,B-mat
2,79,film,O
2,79,was,O
2,79,6.8,B-val
2,79,Ω/cm,I-val
2,79,much,O
2,79,higher,O
2,79,than,O
2,79,that,O
2,79,of,O
2,79,MWCNTs/CMF,B-mat
2,80,Both,O
2,80,MWCNTs/CMF,B-mat
2,80,and,O
2,80,CNF,B-mat
2,80,had,O
2,80,similar,O
2,80,steep,O
2,80,slopes,O
2,80,which,O
2,80,is,O
2,80,different,O
2,80,from,O
2,80,the,O
2,80,tilt,O
2,80,slope,O
2,80,of,O
2,80,the,O
2,80,CMF,B-mat
2,80,only,O
2,81,Since,O
2,81,CMF,B-mat
2,81,has,O
2,81,a,O
2,81,diameter,B-morph
2,81,of,O
2,81,7,B-val
2,81,µm,I-val
2,81,ultramicropores,O
2,81,may,O
2,81,be,O
2,81,present,O
2,81,in,O
2,81,the,O
2,81,inner,O
2,81,area,O
2,81,so,O
2,81,that,O
2,81,ions,O
2,81,have,O
2,81,difficulty,O
2,81,to,O
2,81,access,O
2,81,which,O
2,81,can,O
2,81,affect,O
2,81,the,O
2,81,slope,O
2,82,For,O
2,82,the,O
2,82,case,O
2,82,of,O
2,82,MWCNTs/CMF,B-mat
2,82,the,O
2,82,CMF,B-mat
2,82,surfaces,O
2,82,were,O
2,82,fully,O
2,82,covered,O
2,82,by,O
2,82,CNTs,B-mat
2,82,which,O
2,82,block,O
2,82,ion,O
2,82,diffusion,O
2,82,through,O
2,82,CMFs,B-mat
2,83,On,O
2,83,the,O
2,83,other,O
2,83,hand,O
2,83,the,O
2,83,diameter,B-morph
2,83,of,O
2,83,CNFs,B-mat
2,83,is,O
2,83,200,B-val
2,83,nm,I-val
2,84,While,O
2,84,the,O
2,84,capacitance,O
2,84,of,O
2,84,MWCNTs/CMF,B-mat
2,84,initially,O
2,84,decayed,O
2,84,rapidly,O
2,84,as,O
2,84,the,O
2,84,scan,O
2,84,rate,O
2,84,increased,O
2,84,and,O
2,84,was,O
2,84,saturated,O
2,84,at,O
2,84,around,O
2,84,50,B-val
2,84,mV,I-val
2,84,s-1,I-val
2,84,the,O
2,84,capacitance,O
2,84,of,O
2,84,the,O
2,84,CNF,B-mat
2,84,decayed,O
2,84,over,O
2,84,the,O
2,84,entire,O
2,84,range,O
2,84,of,O
2,84,scan,O
2,84,rate,O
2,84,Figure,O
2,84,4c,O
2,85,We,O
2,85,fixed,O
2,85,the,O
2,85,diameter,B-morph
2,85,of,O
2,85,the,O
2,85,MWCNTs/CMF,B-mat
2,85,bundle,O
2,85,at,O
2,85,230,B-val
2,85,µm,I-val
2,85,and,O
2,85,the,O
2,85,length,O
2,85,at,O
2,85,5,B-val
2,85,cm,I-val
2,86,The,O
2,86,thickness,O
2,86,of,O
2,86,the,O
2,86,CNF,B-mat
2,86,film,O
2,86,at,O
2,86,a,O
2,86,size,O
2,86,of,O
2,86,3.6,B-val
2,86,cm,I-val
2,86,x,O
2,86,0.4,B-val
2,86,cm,I-val
2,86,was,O
2,86,40,B-val
2,86,µm,I-val
2,86,meaning,O
2,86,that,O
2,86,the,O
2,86,CNF,B-mat
2,86,volume,O
2,86,is,O
2,86,5.76,B-val
2,86,mm3,I-val
2,86,and,O
2,86,the,O
2,86,MWCNTs/CMF,B-mat
2,86,volume,O
2,86,is,O
2,86,1.49,B-val
2,86,mm3,I-val
2,87,This,O
2,87,can,O
2,87,be,O
2,87,attributed,O
2,87,to,O
2,87,the,O
2,87,fact,O
2,87,that,O
2,87,ion,O
2,87,diffusion,O
2,87,can,O
2,87,be,O
2,87,easily,O
2,87,facilitated,O
2,87,in,O
2,87,core,O
2,87,electrode,O
2,87,with,O
2,87,MWCNTs/CMF,B-mat
2,87,bundle,O
2,87,because,O
2,87,the,O
2,87,space,O
2,87,between,O
2,87,CMFs,B-mat
2,87,is,O
2,87,quite,O
2,87,large,O
2,88,two-ply,O
2,88,CNT,B-mat
2,88,yarn,O
2,88,coated,O
2,88,with,O
2,88,MnO2,B-mat
2,88,showed,O
2,88,an,O
2,88,areal,O
2,88,capacitance,O
2,88,of,O
2,88,3.7,B-val
2,88,mF/cm2,I-val
2,88,at,O
2,88,very,O
2,88,low,O
2,88,current,O
2,88,of,O
2,88,2,B-val
2,88,nA,I-val
2,89,high,O
2,89,surface,O
2,89,area,O
2,89,of,O
2,89,MWCNTs-coated,O
2,89,CMF,B-mat
2,89,bundle,O
2,89,compared,O
2,89,to,O
2,89,single,O
2,89,fibre,O
2,90,Our,O
2,90,all-carbon,O
2,90,electrodes,O
2,90,CMFs,B-mat
2,90,CNF,B-mat
2,90,and,O
2,90,MWCNTs,B-mat
2,90,are,O
2,90,not,O
2,90,only,O
2,90,light,O
2,90,but,O
2,90,also,O
2,90,highly,O
2,90,conductive,O
2,90,and,O
2,90,fully,O
2,90,flexible,O
2,91,The,O
2,91,obtained,O
2,91,high,O
2,91,capacitance,O
2,91,energy,O
2,91,and,O
2,91,power,O
2,91,density,O
2,91,are,O
2,92,attributed,O
2,92,to,O
2,92,high,O
2,92,effective,O
2,92,surface,O
2,92,area,O
2,92,of,O
2,92,coaxial,O
2,92,structure,O
2,92,and,O
2,92,high,O
2,92,conductivity,O
2,92,of,O
2,92,carbon,B-mat
2,92,material,O
2,92,particularly,O
2,92,MWCNTs/CMF,B-mat
2,93,A,O
2,93,commercial,O
2,93,CMF,B-mat
2,93,bundle,O
2,93,with,O
2,93,an,O
2,93,individual,O
2,93,fiber,O
2,93,diameter,O
2,93,of,O
2,93,7,B-val
2,93,µm,I-val
2,93,was,O
2,93,treated,O
2,93,with,O
2,93,12,B-val
2,93,M,I-val
2,93,HNO3,O
2,93,for,O
2,93,several,O
2,93,days,O
2,94,For,O
2,94,preparing,O
2,94,the,O
2,94,carbon,B-mat
2,94,nanotubes,B-morph
2,94,solution,O
2,94,MWCNTs,B-mat
2,94,with,O
2,94,an,O
2,94,outer,O
2,94,diameter,B-morph
2,94,of,O
2,94,10,O
2,94,to,O
2,94,15,O
2,94,nm,O
2,94,were,O
2,94,refluxed,B-proc
2,94,in,O
2,94,5,B-val
2,94,M,I-val
2,94,HNO3,O
2,94,for,O
2,94,12,B-val
2,94,hours,I-val
2,94,at,O
2,94,120,B-val
2,94,°C,I-val
2,94,to,O
2,94,remove,O
2,94,catalysts,O
2,94,and,O
2,94,then,O
2,94,annealed,B-proc
2,94,at,O
2,94,500,B-val
2,94,°C,I-val
2,94,for,O
2,94,two,B-val
2,94,hours,I-val
2,94,to,O
2,94,remove,O
2,94,amorphous,O
2,94,carbon,B-mat
2,95,The,O
2,95,spread,O
2,95,CMFs,B-mat
2,95,were,O
2,95,suspended,O
2,95,on,O
2,95,a,O
2,95,hot,O
2,95,plate,O
2,95,in,O
2,95,air,O
2,96,The,O
2,96,spread,O
2,96,CMFs,B-mat
2,96,were,O
2,96,suspended,O
2,96,on,O
2,96,a,O
2,97,hot,O
2,97,plate,O
2,97,in,O
2,97,air.,O
2,97,Different,O
2,97,volumes,O
2,97,of,O
2,97,MWCNT,B-mat
2,97,solution,O
2,97,2,O
2,97,4,O
2,97,and,O
2,97,6,B-val
2,97,ml,I-val
2,97,were,O
2,97,coated,O
2,97,on,O
2,97,both,O
2,97,sides,O
2,97,of,O
2,97,the,O
2,97,CMFs,B-mat
2,97,by,O
2,97,the,O
2,97,spray,B-proc
2,97,method,I-proc
2,98,The,O
2,98,flattened,O
2,98,CMFs,B-mat
2,98,coated,O
2,98,with,O
2,98,MWCNTs,B-mat
2,98,were,O
2,98,dipped,B-proc
2,98,in,O
2,98,5,B-val
2,98,M,I-val
2,98,HNO3,O
2,98,for,O
2,98,four,B-val
2,98,hours,I-val
2,98,to,O
2,98,remove,O
2,98,the,O
2,98,surfactant,O
2,99,The,O
2,99,weight,O
2,99,of,O
2,99,the,O
2,99,MWCNTs,B-mat
2,99,was,O
2,99,measured,O
2,99,by,O
2,99,the,O
2,99,weight,O
2,99,difference,O
2,99,of,O
2,99,the,O
2,99,CMF,B-mat
2,99,bundle,O
2,99,before,O
2,99,and,O
2,99,after,O
2,99,MWCNT,B-mat
2,99,deposition,O
2,100,In,O
2,100,this,O
2,100,case,O
2,100,the,O
2,100,polymer,B-electrolyte
2,100,gel,I-electrolyte
2,100,electrolyte,O
2,100,acted,O
2,100,as,O
2,100,a,O
2,100,glue,O
2,100,to,O
2,100,attach,O
2,100,the,O
2,100,outer,O
2,100,electrode,O
2,100,well,O
3,101,The,O
3,101,effect,O
3,101,of,O
3,101,temperature,O
3,101,on,O
3,101,the,O
3,101,kinetics,O
3,101,and,O
3,101,the,O
3,101,diffusion,O
3,101,mechanism,O
3,101,of,O
3,101,the,O
3,101,ions,O
3,101,in,O
3,101,a,O
3,101,supercapacitor,O
3,101,assembled,O
3,101,with,O
3,101,single-walled,B-morph
3,101,carbon,B-mat
3,101,nanotube,B-morph
3,101,SWNT,B-mat
3,101,film,O
3,101,electrodes,O
3,101,and,O
3,101,an,O
3,101,organic,B-electrolyte
3,101,electrolyte,I-electrolyte
3,101,were,O
3,101,thoroughly,O
3,101,investigated,O
3,102,An,O
3,102,improved,O
3,102,room,O
3,102,temperature,O
3,102,performance,O
3,102,of,O
3,102,the,O
3,102,supercapacitor,O
3,102,was,O
3,102,observed,O
3,102,due,O
3,102,to,O
3,102,the,O
3,102,combined,O
3,102,effects,O
3,102,of,O
3,102,an,O
3,102,increase,O
3,102,in,O
3,102,the,O
3,102,conductivity,O
3,102,of,O
3,102,the,O
3,102,SWNT,B-mat
3,102,films,O
3,102,and,O
3,102,surface,O
3,102,modifications,O
3,102,on,O
3,102,the,O
3,102,SWNT,B-mat
3,102,films,O
3,102,by,O
3,102,repeatedly,O
3,102,heating,O
3,102,and,O
3,102,cooling,O
3,102,the,O
3,102,supercapacitor,O
3,102,between,O
3,102,the,O
3,102,temperatures,O
3,102,of,O
3,102,25,O
3,102,and,O
3,102,100,B-val
3,102,°C,I-val
3,103,The,O
3,103,supercapacitor,O
3,103,with,O
3,103,SWNT,B-mat
3,103,film,O
3,103,electrodes,O
3,103,was,O
3,103,capable,O
3,103,of,O
3,103,withstanding,O
3,103,current,O
3,103,densities,O
3,103,as,O
3,103,high,O
3,103,as,O
3,103,100,B-val
3,103,A/g,I-val
3,103,yielding,O
3,103,eminent,O
3,103,specific,O
3,103,power,O
3,103,density,O
3,103,values,O
3,103,of,O
3,103,about,O
3,103,55,B-val
3,103,kW/kg,I-val
3,104,In,O
3,104,addition,O
3,104,ultralong,O
3,104,cycle,O
3,104,galvanostatic,O
3,104,charge-discharge,O
3,104,has,O
3,104,been,O
3,104,carried,O
3,104,out,O
3,104,at,O
3,104,temperatures,O
3,104,25,O
3,104,and,O
3,104,100,B-val
3,104,°C,I-val
3,104,with,O
3,104,repeated,O
3,104,heating,O
3,104,and,O
3,104,cooling,O
3,104,to,O
3,104,demonstrate,O
3,104,the,O
3,104,long-term,O
3,104,stability,O
3,104,of,O
3,104,the,O
3,104,supercapacitor,O
3,104,with,O
3,104,the,O
3,104,SWNT,B-mat
3,104,film,O
3,104,electrodes,O
3,105,Figure,O
3,105,1,O
3,105,shows,O
3,105,the,O
3,105,electrode,O
3,105,preparation,O
3,105,from,O
3,105,the,O
3,105,free-standing,O
3,105,SWNT,B-mat
3,105,films,O
3,105,and,O
3,105,the,O
3,105,schematics,O
3,105,of,O
3,105,a,O
3,105,supercapacitor,O
3,105,cell,O
3,105,assembly,O
3,106,Especially,O
3,106,the,O
3,106,single-walled,B-morph
3,106,carbon,B-mat
3,106,nanotubes,B-morph
3,106,SWNTs,B-mat
3,106,can,O
3,106,be,O
3,106,synthesized,O
3,106,as,O
3,106,long,O
3,106,tube,O
3,106,structures,O
3,106,that,O
3,106,are,O
3,106,favorable,O
3,106,for,O
3,106,preparing,O
3,106,entangled,O
3,106,mats,O
3,106,of,O
3,106,free-standing,O
3,106,electrodes,O
3,106,with,O
3,106,the,O
3,106,filtration,O
3,106,technique,O
3,107,The,O
3,107,supercapacitors,O
3,107,assembled,O
3,107,with,O
3,107,such,O
3,107,free-standing,O
3,107,SWNT,B-mat
3,107,films,O
3,107,have,O
3,107,shown,O
3,107,good,O
3,107,capacitance,O
3,107,stability,O
3,107,and,O
3,107,high,O
3,107,rate,O
3,107,capability,O
3,107,and,O
3,107,yielded,O
3,107,reasonable,O
3,107,specific,O
3,107,capacitance,O
3,107,values,O
3,107,at,O
3,107,room,O
3,107,temperature,O
3,107,in,O
3,107,both,O
3,107,aqueous,O
3,107,and,O
3,107,organic,B-electrolyte
3,107,electrolytes,I-electrolyte
3,108,Here,O
3,108,we,O
3,108,report,O
3,108,the,O
3,108,temperature,O
3,108,effects,O
3,108,of,O
3,108,a,O
3,108,coin,O
3,108,cell,O
3,108,supercapacitor,O
3,108,assembled,O
3,108,with,O
3,108,free-standing,O
3,108,SWNT,B-mat
3,108,film,O
3,108,electrodes,O
3,108,and,O
3,108,tetraethylammonium,B-electrolyte
3,108,tetrafluoroborate-polypropylene,I-electrolyte
3,108,carbonate,I-electrolyte
3,108,TEABF4/PC,B-electrolyte
3,108,electrolyte,O
3,108,under,O
3,108,rigorous,O
3,108,temperature,O
3,108,conditions,O
3,108,25-100,O
3,108,°C,O
3,109,Unlike,O
3,109,the,O
3,109,filtration,O
3,109,technique,O
3,109,where,O
3,109,the,O
3,109,nanotubes,B-morph
3,109,are,O
3,109,dispersed,O
3,109,in,O
3,109,a,O
3,109,solution,O
3,109,and,O
3,109,filtered,O
3,109,to,O
3,109,obtain,O
3,109,the,O
3,109,free-standing,O
3,109,SWNT,B-mat
3,109,films,O
3,109,we,O
3,109,utilized,O
3,109,the,O
3,109,SWNT,B-mat
3,109,films,O
3,109,directly,O
3,109,synthesized,O
3,109,by,O
3,109,a,O
3,109,chemical,B-proc
3,109,vapor,I-proc
3,109,deposition,I-proc
3,109,CVD,B-proc
3,109,method,O
3,109,reported,O
3,109,elsewhere,O
3,109,with,O
3,109,post-purification,O
3,109,techniques,O
3,109,that,O
3,109,did,O
3,109,not,O
3,109,involve,O
3,109,a,O
3,109,complex,O
3,109,filtration,O
3,109,process,O
3,109,to,O
3,109,prepare,O
3,109,the,O
3,109,electrodes,O
3,110,The,O
3,110,surface,O
3,110,modification,O
3,110,of,O
3,110,the,O
3,110,SWNT,B-mat
3,110,films,O
3,110,is,O
3,110,partially,O
3,110,irreversible,O
3,110,and,O
3,110,the,O
3,110,physisorbtion,O
3,110,remains,O
3,110,even,O
3,110,at,O
3,110,25,B-val
3,110,°C,I-val
3,110,after,O
3,110,cooling,O
3,110,from,O
3,110,100,B-val
3,110,°C,I-val
3,111,The,O
3,111,physisorbtion,O
3,111,of,O
3,111,the,O
3,111,electrolyte,O
3,111,ions,O
3,111,on,O
3,111,the,O
3,111,SWNT,B-mat
3,111,electrodes,O
3,111,with,O
3,111,the,O
3,111,increase,O
3,111,in,O
3,111,the,O
3,111,temperature,O
3,111,can,O
3,111,be,O
3,111,explained,O
3,111,based,O
3,111,on,O
3,111,the,O
3,111,variations,O
3,111,in,O
3,111,the,O
3,111,values,O
3,111,of,O
3,111,CDL,O
3,111,and,O
3,111,RCT.,O
3,112,At,O
3,112,high,O
3,112,frequencies,O
3,112,the,O
3,112,double,O
3,112,layer,O
3,112,capacitance,O
3,112,CDL,O
3,112,arises,O
3,112,from,O
3,112,the,O
3,112,charges,O
3,112,present,O
3,112,close,O
3,112,to,O
3,112,the,O
3,112,surface,O
3,112,of,O
3,112,the,O
3,112,SWNT,B-mat
3,112,film,O
3,112,that,O
3,112,overcome,O
3,112,the,O
3,112,energy,O
3,112,to,O
3,112,migrate,O
3,112,with,O
3,112,the,O
3,112,alternating,O
3,112,potential,O
3,113,RCT,O
3,113,actually,O
3,113,represents,O
3,113,the,O
3,113,resistance,O
3,113,of,O
3,113,the,O
3,113,charges,O
3,113,in,O
3,113,the,O
3,113,pores,O
3,113,of,O
3,113,the,O
3,113,SWNT,B-mat
3,113,electrode,O
3,114,The,O
3,114,higher,O
3,114,value,O
3,114,of,O
3,114,the,O
3,114,exponent,O
3,114,indicates,O
3,114,that,O
3,114,the,O
3,114,ion,O
3,114,diffusion,O
3,114,is,O
3,114,taking,O
3,114,place,O
3,114,only,O
3,114,on,O
3,114,the,O
3,114,surface,O
3,114,of,O
3,114,the,O
3,114,SWNT,B-mat
3,114,electrode,O
3,114,and,O
3,114,suggests,O
3,114,that,O
3,114,the,O
3,114,SWNTs,B-mat
3,114,are,O
3,114,not,O
3,114,behaving,O
3,114,as,O
3,114,typical,O
3,114,porous,O
3,114,electrodes,O
3,114,which,O
3,114,is,O
3,114,evident,O
3,114,from,O
3,114,the,O
3,114,BET,O
3,114,surface,O
3,114,area,O
3,114,measurements,O
3,114,on,O
3,114,the,O
3,114,SWNT,B-mat
3,114,films,O
3,115,Considering,O
3,115,the,O
3,115,variation,O
3,115,of,O
3,115,the,O
3,115,overall,O
3,115,parameters,O
3,115,the,O
3,115,performance,O
3,115,of,O
3,115,the,O
3,115,supercapacitor,O
3,115,coin,O
3,115,cell,O
3,115,with,O
3,115,SWNT,B-mat
3,115,electrodes,O
3,115,at,O
3,115,25,B-val
3,115,°C,I-val
3,115,is,O
3,115,improving,O
3,115,with,O
3,115,repeated,O
3,115,heating,O
3,115,and,O
3,115,cooling,O
3,116,Since,O
3,116,the,O
3,116,upper,O
3,116,potential,O
3,116,of,O
3,116,operation,O
3,116,for,O
3,116,the,O
3,116,TEABF4/PC,B-electrolyte
3,116,electrolyte,O
3,116,system,O
3,116,can,O
3,116,be,O
3,116,as,O
3,116,high,O
3,116,as,O
3,116,2.5,B-val
3,116,V,I-val
3,116,the,O
3,116,overshoots,O
3,116,did,O
3,116,not,O
3,116,cause,O
3,116,any,O
3,116,negative,O
3,116,effects,O
3,116,such,O
3,116,as,O
3,116,electrolyte,O
3,116,decomposition,O
3,116,or,O
3,116,cell,O
3,116,failure,O
3,117,By,O
3,117,using,O
3,117,the,O
3,117,supercapacitors,O
3,117,with,O
3,117,the,O
3,117,SWNT,B-mat
3,117,film,O
3,117,electrodes,O
3,117,and,O
3,117,the,O
3,117,TEABF4/PC,B-electrolyte
3,117,electrolyte,O
3,117,we,O
3,117,demonstrated,O
3,117,that,O
3,117,the,O
3,117,operating,O
3,117,temperature,O
3,117,can,O
3,117,be,O
3,117,easily,O
3,117,expanded,O
3,117,to,O
3,117,100,B-val
3,117,°C,I-val
3,117,with,O
3,117,extremely,O
3,117,high,O
3,117,rate,O
3,117,capability,O
3,118,The,O
3,118,SWNT,B-mat
3,118,films,O
3,118,were,O
3,118,directly,O
3,118,deposited,O
3,118,on,O
3,118,a,O
3,118,copper,O
3,118,foil,O
3,118,by,O
3,118,CVD,B-proc
3,118,method,O
3,118,using,O
3,118,ferrocene,O
3,118,as,O
3,118,carbon,B-mat
3,118,feedstock/catalyst,O
3,118,and,O
3,118,sulfur,B-mat
3,118,as,O
3,118,an,O
3,118,additive,O
3,118,to,O
3,118,promote,O
3,118,SWNT,B-mat
3,118,growth,O
3,118,to,O
3,118,a,O
3,118,high,O
3,118,percentage,O
3,119,The,O
3,119,deposited,O
3,119,films,O
3,119,were,O
3,119,peeled,O
3,119,off,O
3,119,from,O
3,119,the,O
3,119,copper,B-mat
3,119,foil,O
3,119,and,O
3,119,were,O
3,119,purified,O
3,119,by,O
3,119,first,O
3,119,heating,B-proc
3,119,in,O
3,119,air,O
3,119,up,O
3,119,to,O
3,119,450,B-val
3,119,°C,I-val
3,119,for,O
3,119,1,O
3,119,h,O
3,119,to,O
3,119,remove,O
3,119,amorphous,O
3,119,carbon,B-mat
3,119,and,O
3,119,then,O
3,119,treated,O
3,119,in,O
3,119,9,B-val
3,119,M,I-val
3,119,HCl,O
3,119,solution,O
3,119,for,O
3,119,0.5,B-val
3,119,h,I-val
3,119,to,O
3,119,remove,O
3,119,the,O
3,119,iron,O
3,119,catalyst,O
3,119,particles,O
4,120,Hierarchical,B-mat
4,120,Porous,I-mat
4,120,Nitrogen-Doped,I-mat
4,120,Carbon,I-mat
4,120,Nanosheets,B-morph
4,120,Derived,O
4,120,from,O
4,120,Silk,O
4,120,for,O
4,120,Ultrahigh-Capacity,O
4,120,Battery,O
4,120,Anodes,O
4,120,and,O
4,120,Supercapacitors,O
4,121,Hierarchical,B-mat
4,121,porous,I-mat
4,121,nitrogen-doped,I-mat
4,121,carbon,I-mat
4,121,HPNC,B-mat
4,121,nanosheets,B-morph
4,121,NS,B-morph
4,121,have,O
4,121,been,O
4,121,prepared,O
4,121,via,O
4,121,simultaneous,B-proc
4,121,activation,I-proc
4,121,and,I-proc
4,121,graphitization,I-proc
4,121,of,O
4,121,biomass-derived,O
4,121,natural,O
4,121,silk,O
4,122,A,O
4,122,reversible,O
4,122,lithium,B-mat
4,122,storage,O
4,122,capacity,O
4,122,of,O
4,122,1865,B-val
4,122,mA,I-val
4,122,h/g,I-val
4,122,has,O
4,122,been,O
4,122,reported,O
4,122,which,O
4,122,is,O
4,122,the,O
4,122,highest,O
4,122,for,O
4,122,N-doped,B-mat
4,122,carbon,I-mat
4,122,anode,O
4,122,materials,O
4,122,to,O
4,122,the,O
4,122,best,O
4,122,of,O
4,122,our,O
4,122,knowledge,O
4,123,On,O
4,123,the,O
4,123,basis,O
4,123,of,O
4,123,these,O
4,123,concerns,O
4,123,the,O
4,123,metal,B-proc
4,123,salts,I-proc
4,123,FeCl3,B-mat
4,123,and,O
4,123,ZnCl2,B-mat
4,123,not,O
4,123,only,O
4,123,facilitate,O
4,123,dissolution,O
4,123,of,O
4,123,natural,O
4,123,silk,O
4,123,to,O
4,123,reformulate,O
4,123,it,O
4,123,into,O
4,123,new,O
4,123,materials,O
4,123,regenerated,O
4,123,silk,O
4,123,fibroin,O
4,123,but,O
4,123,also,O
4,123,act,O
4,123,as,O
4,123,effective,O
4,123,activation-graphitization,B-proc
4,123,agents,O
4,123,that,O
4,123,can,O
4,123,introduce,O
4,123,a,O
4,123,porous,O
4,123,structure,O
4,123,with,O
4,123,plentiful,O
4,123,micro-,O
4,123,and,O
4,123,mesopores,O
4,123,for,O
4,123,a,O
4,123,high,O
4,123,surface,O
4,123,area,O
4,124,Therefore,O
4,124,novel,O
4,124,carbon-based,O
4,124,nitrogen-doped,O
4,124,hierarchical,O
4,124,porous,O
4,124,nanosheets,B-morph
4,124,HPNC-NSs,B-mat
4,124,can,O
4,124,be,O
4,124,prepared,O
4,124,from,O
4,124,a,O
4,124,lamella-like,O
4,124,multiple,O
4,124,layer,O
4,124,structure,O
4,124,via,O
4,124,the,O
4,124,metal,B-proc
4,124,salt,I-proc
4,124,activation-graphitization,I-proc
4,124,process,O
4,125,As,O
4,125,seen,O
4,125,from,O
4,125,SEM,O
4,125,in,O
4,125,Figure,O
4,125,1ac,O
4,125,the,O
4,125,architecture,O
4,125,of,O
4,125,an,O
4,125,HPNC-NSs,B-mat
4,125,with,O
4,125,2D,B-morph
4,125,nanosheet,I-morph
4,125,morphology,O
4,125,and,O
4,125,the,O
4,125,thickness,O
4,125,of,O
4,125,the,O
4,125,nanosheets,B-morph
4,125,can,O
4,125,be,O
4,125,estimated,O
4,125,in,O
4,125,the,O
4,125,range,O
4,125,of,O
4,125,15,O
4,125,to,O
4,125,30,B-val
4,125,nm,I-val
4,125,which,O
4,125,is,O
4,125,consistent,O
4,125,with,O
4,125,AFM,O
4,125,analysis,O
4,126,A,O
4,126,continuous,O
4,126,2D,B-morph
4,126,porous,O
4,126,network,O
4,126,is,O
4,126,observed,O
4,127,XPS,O
4,127,measurements,O
4,127,are,O
4,127,performed,O
4,127,in,O
4,127,order,O
4,127,to,O
4,127,probe,O
4,127,further,O
4,127,for,O
4,127,the,O
4,127,chemical,O
4,127,identification,O
4,127,of,O
4,127,the,O
4,127,heteroatoms,O
4,127,in,O
4,127,the,O
4,127,functionalized,O
4,127,HPNC-NS,B-mat
4,128,To,O
4,128,further,O
4,128,determine,O
4,128,the,O
4,128,porosity,O
4,128,of,O
4,128,HPNC-NS,B-mat
4,128,N2,B-mat
4,128,adsorption-desorption,O
4,128,isothermal,O
4,128,analysis,O
4,128,is,O
4,128,executed,O
4,129,For,O
4,129,strong,O
4,129,N2,B-mat
4,129,adsorption,O
4,129,HPNC-NS,B-mat
4,129,showed,O
4,129,an,O
4,129,I/IV-type,O
4,129,adsorption-desorption,O
4,129,isothermal,O
4,129,curve,O
4,130,The,O
4,130,collective,O
4,130,curves,O
4,130,of,O
4,130,HPNC-NS,B-mat
4,130,indicate,O
4,130,that,O
4,130,micro-,O
4,130,meso-,O
4,130,and/or,O
4,130,macro-pores,O
4,130,exist,O
4,130,in,O
4,130,HPNC-NS,B-mat
4,131,The,O
4,131,HPNC-NS,B-mat
4,131,pore,O
4,131,size,O
4,131,distribution,O
4,131,is,O
4,131,calculated,O
4,131,using,O
4,131,the,O
4,131,conventional,O
4,131,DFT,O
4,131,method,O
4,131,on,O
4,131,the,O
4,131,N2,B-mat
4,131,adsorption,O
4,131,isotherm,O
4,131,part,O
4,132,The,O
4,132,total,O
4,132,pore,O
4,132,volume,O
4,132,of,O
4,132,HPNC-NS,B-mat
4,132,is,O
4,132,found,O
4,132,to,O
4,132,be,O
4,132,2.23,B-val
4,132,cm3/g,I-val
4,133,The,O
4,133,initial,O
4,133,Coulombic,O
4,133,efficiency,O
4,133,of,O
4,133,HPNC-NS,B-mat
4,133,is,O
4,133,49.2%,O
4,133,at,O
4,133,0.1,B-val
4,133,A/g,I-val
4,133,which,O
4,133,is,O
4,133,higher,O
4,133,than,O
4,133,that,O
4,133,of,O
4,133,2D,B-morph
4,133,mesoporous,O
4,133,carbon,B-mat
4,133,nanosheets,B-morph
4,133,21%,O
4,134,Therefore,O
4,134,multiple,O
4,134,Li,B-mat
4,134,storage,O
4,134,positions,O
4,134,in,O
4,134,HPNC-NS,B-mat
4,134,electrodes,O
4,134,might,O
4,134,explain,O
4,134,why,O
4,134,the,O
4,134,carbon,B-mat
4,134,has,O
4,134,a,O
4,134,much,O
4,134,higher,O
4,134,capacity,O
4,135,The,O
4,135,high,O
4,135,SBET,O
4,135,and,O
4,135,hierarchical,O
4,135,porous,O
4,135,architectures,O
4,135,of,O
4,135,HPNC-NS,B-mat
4,135,are,O
4,135,very,O
4,135,important,O
4,135,for,O
4,135,electrochemical,O
4,135,supercapacitors,O
4,135,as,O
4,135,well,O
4,135,in,O
4,135,the,O
4,135,EMIMBF4,B-electrolyte
4,135,electrolyte,O
4,136,the,O
4,136,novel,O
4,136,nanostructured,O
4,136,HPNC-NS,B-mat
4,136,has,O
4,136,been,O
4,136,prepared,O
4,136,via,O
4,136,simultaneous,B-proc
4,136,activation,I-proc
4,136,and,I-proc
4,136,graphitization,I-proc
4,136,and,O
4,136,a,O
4,136,facile,O
4,136,large-scale,O
4,136,synthesis,O
4,136,route,O
4,137,Activation,B-proc
4,137,and,O
4,137,graphitization,B-proc
4,137,were,O
4,137,followed,O
4,137,by,O
4,137,annealing,B-proc
4,137,carbon,B-mat
4,137,up,O
4,137,to,O
4,137,900,B-val
4,137,°C,I-val
4,137,for,O
4,137,1,B-val
4,137,h,I-val
4,137,under,O
4,137,a,O
4,137,N2,B-mat
4,137,atmosphere,O
4,137,in,O
4,137,a,O
4,137,tubular,O
4,137,furnace,O
4,137,with,O
4,137,ramp,O
4,137,rate,O
4,137,of,O
4,137,2,B-val
4,137,°C/min,I-val
4,138,The,O
4,138,cutoff,O
4,138,charge,O
4,138,voltage,O
4,138,was,O
4,138,set,O
4,138,at,O
4,138,0,O
4,138,to,O
4,138,3.5,B-val
4,138,V,I-val
4,138,for,O
4,138,the,O
4,138,EMIMBF4,B-electrolyte
4,138,electrolyte,O
4,139,Li,B-mat
4,139,metal,O
4,139,foil,O
4,139,as,O
4,139,the,O
4,139,counter,O
4,139,electrode,O
4,139,and,O
4,139,1,B-val
4,139,M,I-val
4,139,LiPF6,B-electrolyte
4,139,solution,O
4,139,with,O
4,139,ethylene,B-electrolyte
4,139,carbonate-dimethyl,I-electrolyte
4,139,carbonate,I-electrolyte
4,139,as,O
4,139,the,O
4,139,electrolyte,O
5,140,Nanoporous,B-morph
5,140,Carbon,B-mat
5,140,Supercapacitors,O
5,140,in,O
5,140,an,O
5,140,Ionic,B-electrolyte
5,140,Liquid,I-electrolyte
5,140,A,O
5,140,Computer,O
5,140,Simulation,O
5,140,Study,O
5,141,Supercapacitors,O
5,141,composed,O
5,141,of,O
5,141,carbon,B-mat
5,141,nanotube,B-morph
5,141,CNT,B-mat
5,141,micropores,O
5,141,in,O
5,141,the,O
5,141,room-temperature,O
5,141,ionic,B-electrolyte
5,141,liquid,I-electrolyte
5,141,RTIL,B-electrolyte
5,141,1-ethyl-3-methylimidazolium,B-electrolyte
5,141,tetrafluoroborate,I-electrolyte
5,141,EMI+BF4-,B-electrolyte
5,141,are,O
5,141,studied,O
5,141,via,O
5,141,molecular,B-proc
5,141,dynamics,I-proc
5,141,MD,B-proc
5,141,computer,O
5,141,simulations,O
5,142,We,O
5,142,begin,O
5,142,by,O
5,142,considering,O
5,142,the,O
5,142,electric,O
5,142,potential,O
5,142,of,O
5,142,the,O
5,142,nanotube,B-morph
5,142,supercapacitors,O
5,142,in,O
5,142,EMI+BF4-,B-electrolyte
5,143,We,O
5,143,mention,O
5,143,at,O
5,143,the,O
5,143,outset,O
5,143,that,O
5,143,electronic,O
5,143,polarizability,O
5,143,is,O
5,143,not,O
5,143,included,O
5,143,in,O
5,143,our,O
5,143,model,O
5,143,descriptions,O
5,143,employed,O
5,143,for,O
5,143,the,O
5,143,CNTs,B-mat
5,143,and,O
5,143,RTIL,B-electrolyte
5,143,in,O
5,143,the,O
5,143,present,O
5,143,study,O
5,144,One,O
5,144,noticeable,O
5,144,artifact,O
5,144,arising,O
5,144,from,O
5,144,this,O
5,144,simplification,O
5,144,is,O
5,144,that,O
5,144,the,O
5,144,electric,O
5,144,potential,O
5,144,at,O
5,144,the,O
5,144,CNT,B-mat
5,144,wall,O
5,144,varies,O
5,144,with,O
5,144,the,O
5,144,position,O
5,145,Furthermore,O
5,145,key,O
5,145,molecular,O
5,145,aspects,O
5,145,of,O
5,145,supercapacitors,O
5,145,needed,O
5,145,to,O
5,145,understand,O
5,145,the,O
5,145,influence,O
5,145,of,O
5,145,differing,O
5,145,size,O
5,145,and,O
5,145,surface,O
5,145,charge,O
5,145,density,O
5,145,of,O
5,145,CNTs,B-mat
5,145,on,O
5,145,RTIL,B-electrolyte
5,145,structure,O
5,145,relevant,O
5,145,to,O
5,145,capacitance,O
5,145,are,O
5,145,properly,O
5,145,incorporated,O
5,145,into,O
5,145,our,O
5,145,description,O
5,146,This,O
5,146,trend,O
5,146,is,O
5,146,expected,O
5,146,in,O
5,146,that,O
5,146,the,O
5,146,total,O
5,146,charge,O
5,146,of,O
5,146,the,O
5,146,CNT,B-mat
5,146,increases,O
5,146,with,O
5,146,the,O
5,146,nanotube,B-morph
5,146,size,O
5,146,that,O
5,146,is,O
5,146,the,O
5,146,diameter,B-morph
5,146,for,O
5,146,given,O
5,146,σs,O
5,147,RTIL,B-electrolyte
5,147,ions,O
5,147,are,O
5,147,assumed,O
5,147,to,O
5,147,be,O
5,147,in,O
5,147,the,O
5,147,interior,O
5,147,of,O
5,147,the,O
5,147,CNT,B-mat
5,147,if,O
5,147,their,O
5,147,center-of-mass,O
5,147,is,O
5,147,located,O
5,147,inside,O
5,147,the,O
5,147,cylindrical,O
5,147,volume,O
5,147,thus,O
5,147,defined,O
5,148,The,O
5,148,long-range,O
5,148,electrostatic,O
5,148,interactions,O
5,148,and,O
5,148,electric,O
5,148,potentials,O
5,148,were,O
5,148,computed,O
5,148,via,O
5,148,the,O
5,148,standard,B-proc
5,148,Ewald,I-proc
5,148,method,I-proc
5,148,using,O
5,148,periodic,O
5,148,orthorhombic,O
5,148,boundary,O
5,148,conditions,O
5,149,The,O
5,149,trajectories,O
5,149,were,O
5,149,integrated,O
5,149,via,O
5,149,the,O
5,149,Verlet,B-proc
5,149,leapfrog,I-proc
5,149,algorithm,I-proc
5,149,using,O
5,149,a,O
5,149,time,O
5,149,step,O
5,149,of,O
5,149,1,O
5,149,fs,O
6,150,Natural,O
6,150,Cellulose,B-mat
6,150,Fiber,I-mat
6,150,as,O
6,150,Substrate,O
6,150,for,O
6,150,Supercapacitor,O
6,151,Cellulose,B-mat
6,151,fibers,I-mat
6,151,with,O
6,151,porous,O
6,151,structure,O
6,151,and,O
6,151,electrolyte,O
6,151,absorption,O
6,151,properties,O
6,151,are,O
6,151,considered,O
6,151,to,O
6,151,be,O
6,151,a,O
6,151,good,O
6,151,potential,O
6,151,substrate,O
6,151,for,O
6,151,the,O
6,151,deposition,O
6,151,of,O
6,151,energy,O
6,151,material,O
6,151,for,O
6,151,energy,O
6,151,storage,O
6,151,devices,O
6,152,Unlike,O
6,152,traditional,O
6,152,substrates,O
6,152,such,O
6,152,as,O
6,152,gold,B-mat
6,152,or,O
6,152,stainless,B-mat
6,152,steel,I-mat
6,152,paper,O
6,152,prepared,O
6,152,from,O
6,152,cellulose,B-mat
6,152,fibers,I-mat
6,152,in,O
6,152,this,O
6,152,study,O
6,152,not,O
6,152,only,O
6,152,functions,O
6,152,as,O
6,152,a,O
6,152,substrate,O
6,152,with,O
6,152,large,O
6,152,surface,O
6,152,area,O
6,152,but,O
6,152,also,O
6,152,acts,O
6,152,as,O
6,152,an,O
6,152,interior,O
6,152,electrolyte,O
6,152,reservoir,O
6,152,where,O
6,152,electrolyte,O
6,152,can,O
6,152,be,O
6,152,absorbed,O
6,152,much,O
6,152,in,O
6,152,the,O
6,152,cellulose,B-mat
6,152,fibers,I-mat
6,152,and,O
6,152,is,O
6,152,ready,O
6,152,to,O
6,152,diffuse,O
6,152,into,O
6,152,an,O
6,152,energy,O
6,152,storage,O
6,152,material,O
6,153,We,O
6,153,demonstrated,O
6,153,the,O
6,153,value,O
6,153,of,O
6,153,this,O
6,153,internal,O
6,153,electrolyte,O
6,153,reservoir,O
6,153,by,O
6,153,comparing,O
6,153,a,O
6,153,series,O
6,153,of,O
6,153,hierarchical,O
6,153,hybrid,O
6,153,supercapacitor,O
6,153,electrodes,O
6,153,based,O
6,153,on,O
6,153,homemade,O
6,153,cellulose,B-mat
6,153,paper,I-mat
6,153,or,O
6,153,polyester,B-mat
6,153,textile,I-mat
6,153,integrated,O
6,153,with,O
6,153,carbon,B-mat
6,153,nanotubes,B-morph
6,153,CNTs,B-mat
6,153,by,O
6,153,simple,O
6,153,solution,O
6,153,dip,B-proc
6,153,and,O
6,153,electrodeposited,B-proc
6,153,with,O
6,153,MnO2,B-mat
6,154,Atomic,B-proc
6,154,layer,I-proc
6,154,deposition,I-proc
6,154,of,O
6,154,Al2O3,B-mat
6,154,onto,O
6,154,the,O
6,154,fiber,O
6,154,surface,O
6,154,was,O
6,154,used,O
6,154,to,O
6,154,limit,O
6,154,electrolyte,O
6,154,absorption,O
6,154,into,O
6,154,the,O
6,154,fibers,O
6,154,for,O
6,154,comparison,O
6,155,This,O
6,155,paper,O
6,155,highlights,O
6,155,the,O
6,155,merits,O
6,155,of,O
6,155,the,O
6,155,mesoporous,O
6,155,cellulose,B-mat
6,155,fibers,I-mat
6,155,as,O
6,155,substrates,O
6,155,for,O
6,155,supercapacitor,O
6,155,electrodes,O
6,155,in,O
6,155,which,O
6,155,the,O
6,155,water-swelling,O
6,155,effect,O
6,155,of,O
6,155,the,O
6,155,cellulose,B-mat
6,155,fibers,I-mat
6,155,can,O
6,155,absorb,O
6,155,electrolyte,O
6,155,and,O
6,155,the,O
6,155,mesoporous,O
6,155,internal,O
6,155,structure,O
6,155,of,O
6,155,the,O
6,155,fibers,O
6,155,can,O
6,155,provide,O
6,155,channels,O
6,155,for,O
6,155,ions,O
6,155,to,O
6,155,diffuse,O
6,155,to,O
6,155,the,O
6,155,electrochemical,O
6,155,energy,O
6,155,storage,O
6,155,materials,O
6,156,The,O
6,156,native,O
6,156,cellulose,B-mat
6,156,fibers,I-mat
6,156,applied,O
6,156,here,O
6,156,function,O
6,156,like,O
6,156,a,O
6,156,cell,O
6,156,wall,O
6,156,that,O
6,156,uptakes,O
6,156,electrolyte,O
6,156,from,O
6,156,the,O
6,156,bulk,O
6,156,electrolyte,O
6,156,bath,O
6,157,Electrolyte,O
6,157,like,O
6,157,nutrients,O
6,157,to,O
6,157,the,O
6,157,energy-active,O
6,157,materials,O
6,157,is,O
6,157,then,O
6,157,transported,O
6,157,via,O
6,157,the,O
6,157,pores,O
6,157,through,O
6,157,the,O
6,157,matrix,O
6,157,of,O
6,157,cellulose,O
6,157,fiber,O
6,157,to,O
6,157,the,O
6,157,active,O
6,157,materials,O
6,158,Here,O
6,158,we,O
6,158,carried,O
6,158,out,O
6,158,a,O
6,158,series,O
6,158,of,O
6,158,experiments,O
6,158,using,O
6,158,MnO2,B-mat
6,158,as,O
6,158,the,O
6,158,active,O
6,158,material,O
6,159,We,O
6,159,chose,O
6,159,MnO2,B-mat
6,159,a,O
6,159,very,O
6,159,popular,O
6,159,material,O
6,159,for,O
6,159,supercapacitors,O
6,159,because,O
6,159,of,O
6,159,its,O
6,159,low,O
6,159,cost,O
6,159,natural,O
6,159,abundance,O
6,159,and,O
6,159,environmental,O
6,159,benignity,O
6,160,Both,O
6,160,cellulose,B-mat
6,160,fibers,I-mat
6,160,termed,O
6,160,as,O
6,160,paper,B-mat
6,160,and,O
6,160,polyester,B-mat
6,160,fibers,I-mat
6,160,termed,O
6,160,as,O
6,160,textile,B-mat
6,160,with,O
6,160,and,O
6,160,without,O
6,160,electrolyte-blocking,O
6,160,alumina,O
6,160,coatings,O
6,160,were,O
6,160,used,O
6,160,as,O
6,160,the,O
6,160,substrates,O
6,160,for,O
6,160,the,O
6,160,deposition,O
6,160,of,O
6,160,MnO2,B-mat
6,160,to,O
6,160,study,O
6,160,the,O
6,160,electrolyte,O
6,160,absorption,O
6,160,effect,O
6,160,on,O
6,160,supercapacitor,O
6,160,performance,O
6,161,Results,O
6,161,show,O
6,161,that,O
6,161,MnO2,B-mat
6,161,on,O
6,161,the,O
6,161,cellulose,B-mat
6,161,fiber,I-mat
6,161,substrate,O
6,161,has,O
6,161,improved,O
6,161,electrochemical,O
6,161,performance,O
6,161,compared,O
6,161,to,O
6,161,the,O
6,161,ones,O
6,161,on,O
6,161,Al2O3-blocked,O
6,161,fibers,O
6,162,Further,O
6,162,optimization,O
6,162,of,O
6,162,the,O
6,162,supercapacitor,O
6,162,electrode,O
6,162,was,O
6,162,realized,O
6,162,by,O
6,162,coating,O
6,162,the,O
6,162,electrode,O
6,162,paper/CNTs/MnO2,B-mat
6,162,with,O
6,162,another,O
6,162,CNT,B-mat
6,162,layer,O
6,162,on,O
6,162,top,O
6,162,to,O
6,162,enable,O
6,162,the,O
6,162,delivery,O
6,162,of,O
6,162,electrons,O
6,162,to,O
6,162,all,O
6,162,the,O
6,162,active,O
6,162,materials,O
6,163,Therefore,O
6,163,in,O
6,163,the,O
6,163,electrode,O
6,163,with,O
6,163,the,O
6,163,configuration,O
6,163,of,O
6,163,paper/CNTs/MnO2/CNTs,B-mat
6,163,P-CMC,B-mat
6,163,dual,O
6,163,ion,O
6,163,diffusion,O
6,163,and,O
6,163,electron,O
6,163,transfer,O
6,163,paths,O
6,163,were,O
6,163,enabled,O
6,163,resulting,O
6,163,in,O
6,163,high,O
6,163,capacitance,O
6,163,and,O
6,163,good,O
6,163,rate,O
6,163,capacity,O
6,164,When,O
6,164,fully,O
6,164,wetted,O
6,164,cellulose,B-mat
6,164,can,O
6,164,take,O
6,164,up,O
6,164,to,O
6,164,140,B-val
6,164,wt,I-val
6,164,%,I-val
6,164,water,O
6,164,inside,O
6,164,the,O
6,164,fibers,O
6,164,as,O
6,164,measured,O
6,164,by,O
6,164,the,O
6,164,pulsed,B-proc
6,164,gradient,I-proc
6,164,spin-echo,I-proc
6,164,method,I-proc
6,165,When,O
6,165,swollen,O
6,165,in,O
6,165,the,O
6,165,aqueous,O
6,165,electrolyte,O
6,165,all,O
6,165,the,O
6,165,pores,O
6,165,in,O
6,165,the,O
6,165,fibers,O
6,165,are,O
6,165,open,O
6,165,compared,O
6,165,to,O
6,165,the,O
6,165,dry,O
6,165,state,O
6,165,in,O
6,165,which,O
6,165,pore,O
6,165,closure,O
6,165,happens,O
6,165,due,O
6,165,to,O
6,165,hydrogen,B-mat
6,165,bonding,O
6,165,between,O
6,165,adjacent,O
6,165,microfibrils,B-mat
6,166,we,O
6,166,prepared,O
6,166,cellulose,B-mat
6,166,fiber,I-mat
6,166,with,O
6,166,blocked,O
6,166,ion,O
6,166,diffusion,O
6,166,paths,O
6,166,by,O
6,166,coating,O
6,166,a,O
6,166,thin,O
6,166,layer,O
6,166,of,O
6,166,alumina,B-mat
6,166,on,O
6,166,the,O
6,166,surface,O
6,166,of,O
6,166,the,O
6,166,fiber,O
6,166,using,O
6,166,an,O
6,166,atomic,B-proc
6,166,layer,I-proc
6,166,deposition,I-proc
6,166,ALD,B-proc
6,166,method,O
6,167,We,O
6,167,prepared,O
6,167,a,O
6,167,group,O
6,167,of,O
6,167,MnO2,B-mat
6,167,samples,O
6,167,on,O
6,167,these,O
6,167,fiber,O
6,167,substrates,O
6,167,engineered,O
6,167,with,O
6,167,either,O
6,167,one,O
6,167,or,O
6,167,two,O
6,167,ion,O
6,167,diffusion,O
6,167,pathways,O
6,167,to,O
6,167,study,O
6,167,the,O
6,167,effect,O
6,167,substrates,O
6,167,have,O
6,167,on,O
6,167,ion,O
6,167,diffusion,O
6,168,An,O
6,168,electrode,O
6,168,with,O
6,168,an,O
6,168,additional,O
6,168,CNT,B-mat
6,168,layer,O
6,168,paper/CNTs/MnO2/CNTs,B-mat
6,168,P-CMC,B-mat
6,168,featuring,O
6,168,dual,O
6,168,diffusion,O
6,168,paths,O
6,168,for,O
6,168,both,O
6,168,ions,O
6,168,and,O
6,168,electrons,O
6,168,was,O
6,168,also,O
6,168,prepared,O
6,168,to,O
6,168,demonstrate,O
6,168,further,O
6,168,optimized,O
6,168,supercapacitive,O
6,168,performance,O
6,169,We,O
6,169,used,O
6,169,an,O
6,169,aqueous,O
6,169,solution,O
6,169,of,O
6,169,manganese,B-electrolyte
6,169,acetate,I-electrolyte
6,169,and,O
6,169,sodium,B-electrolyte
6,169,acetate,I-electrolyte
6,169,for,O
6,169,the,O
6,169,electrodeposition,B-proc
6,169,bath,I-proc
6,169,of,O
6,169,MnO2,B-mat
6,170,This,O
6,170,macroporous,O
6,170,CNT,B-mat
6,170,layer,O
6,170,will,O
6,170,not,O
6,170,influence,O
6,170,the,O
6,170,diffusion,O
6,170,of,O
6,170,electrolyte,O
6,170,from,O
6,170,the,O
6,170,paper,B-mat
6,170,fibers,I-mat
6,170,underneath,O
6,170,the,O
6,170,MnO2,B-mat
6,170,deposited,O
6,170,on,O
6,170,top,O
6,171,To,O
6,171,clearly,O
6,171,verify,O
6,171,the,O
6,171,advantage,O
6,171,of,O
6,171,the,O
6,171,additional,O
6,171,ion,O
6,171,diffusion,O
6,171,pathway,O
6,171,realized,O
6,171,by,O
6,171,the,O
6,171,cellulose,B-mat
6,171,fibers,I-mat
6,171,we,O
6,171,compared,O
6,171,the,O
6,171,electrochemical,O
6,171,performances,O
6,171,of,O
6,171,two,O
6,171,samples,O
6,171,in,O
6,171,the,O
6,171,configurations,O
6,171,of,O
6,171,paper/CNTs/MnO2,B-mat
6,171,P-CM,B-mat
6,171,and,O
6,171,paper/Al2O3/CNTs/MnO2,B-mat
6,171,P-ACM,B-mat
6,172,The,O
6,172,corresponding,O
6,172,SEM,O
6,172,images,O
6,172,of,O
6,172,a,O
6,172,single,O
6,172,fiber,O
6,172,for,O
6,172,P-ACM,B-mat
6,172,and,O
6,172,T-ACM,B-mat
6,172,textile/Al2O3/CNTs/MnO2,B-mat
6,172,electrodes,O
6,172,are,O
6,172,shown,O
6,172,in,O
6,172,Figure,O
6,172,3,O
6,173,This,O
6,173,value,O
6,173,was,O
6,173,higher,O
6,173,than,O
6,173,the,O
6,173,15.7,B-val
6,173,ohm,I-val
6,173,of,O
6,173,sample,O
6,173,P-AC,B-mat
6,173,because,O
6,173,of,O
6,173,the,O
6,173,nonconductive,O
6,173,Al2O3,B-mat
6,173,layer,O
6,173,deposited,O
6,173,onto,O
6,173,the,O
6,173,fiber,O
6,173,surface,O
6,174,Then,O
6,174,1,B-val
6,174,mg/mL,I-val
6,174,SWNT,B-mat
6,174,ink,I-mat
6,174,was,O
6,174,prepared,O
6,175,The,O
6,175,lab-made,O
6,175,paper/textile,B-mat
6,175,sheet,I-mat
6,175,was,O
6,175,dipped,B-proc
6,175,in,O
6,175,the,O
6,175,CNT,B-mat
6,175,ink,I-mat
6,175,for,O
6,175,2-3,O
6,175,min,O
6,175,and,O
6,175,dried,O
6,175,in,O
6,175,an,O
6,175,oven,O
6,175,at,O
6,175,100,B-val
6,175,°C,I-val
6,176,The,O
6,176,electrochemical,B-proc
6,176,deposition,I-proc
6,176,of,O
6,176,manganese,B-mat
6,176,oxide,I-mat
6,176,was,O
6,176,performed,O
6,176,by,O
6,176,using,O
6,176,a,O
6,176,three,O
6,176,electrode,O
6,176,setup,O
6,176,where,O
6,176,Ag/AgCl,B-mat
6,176,electrode,O
6,176,was,O
6,176,used,O
6,176,as,O
6,176,the,O
6,176,reference,O
6,176,electrode,O
6,176,and,O
6,176,platinum,B-mat
6,176,as,O
6,176,the,O
6,176,counter,O
6,176,electrode,O
6,177,In,O
6,177,order,O
6,177,to,O
6,177,calculate,O
6,177,the,O
6,177,specific,O
6,177,capacitance,O
6,177,of,O
6,177,the,O
6,177,MnO2-CNT-paper,B-mat
6,177,cyclic,O
6,177,voltammetry,O
6,177,at,O
6,177,different,O
6,177,scan,O
6,177,rates,O
6,177,10-200,O
6,177,mV/s,O
6,177,was,O
6,177,performed,O
6,177,by,O
6,177,cycling,O
6,177,the,O
6,177,voltage,O
6,177,between,O
6,177,0,O
6,177,and,O
6,177,0.8,B-val
6,177,V,I-val
6,177,in,O
6,177,1,B-val
6,177,M,I-val
6,177,Na2SO4,B-electrolyte
6,177,solution,O
7,178,Synthesis,O
7,178,of,O
7,178,Nitrogen-Doped,B-mat
7,178,Porous,I-mat
7,178,Carbon,I-mat
7,178,Nanofibers,B-morph
7,178,as,O
7,178,an,O
7,178,Efficient,O
7,178,Electrode,O
7,178,Material,O
7,178,for,O
7,178,Supercapacitors,O
7,179,Herein,O
7,179,we,O
7,179,present,O
7,179,a,O
7,179,high-capacity,O
7,179,supercapacitor,O
7,179,material,O
7,179,based,O
7,179,on,O
7,179,the,O
7,179,nitrogen-doped,B-mat
7,179,porous,I-mat
7,179,carbon,I-mat
7,179,nanofibers,B-morph
7,179,synthesized,O
7,179,by,O
7,179,carbonization,B-proc
7,179,of,O
7,179,macroscopic-scale,O
7,179,carbonaceous,B-mat
7,179,nanofibers,I-mat
7,179,CNFs,B-mat
7,179,coated,O
7,179,with,O
7,179,polypyrrole,B-mat
7,179,CNFs@polypyrrole,B-mat
7,179,at,O
7,179,an,O
7,179,appropriate,O
7,179,temperature,O
7,180,The,O
7,180,composite,O
7,180,nanofibers,O
7,180,exhibit,O
7,180,a,O
7,180,reversible,O
7,180,specific,O
7,180,capacitance,O
7,180,of,O
7,180,202.0,B-val
7,180,F,I-val
7,180,g-1,I-val
7,180,at,O
7,180,the,O
7,180,current,O
7,180,density,O
7,180,of,O
7,180,1.0,B-val
7,180,A,I-val
7,180,g-1,I-val
7,180,in,O
7,180,6.0,B-val
7,180,mol,I-val
7,180,L-1,I-val
7,180,aqueous,B-electrolyte
7,180,KOH,I-electrolyte
7,180,electrolyte,O
7,180,meanwhile,O
7,180,maintaining,O
7,180,a,O
7,180,high-class,O
7,180,capacitance,O
7,180,retention,O
7,180,capability,O
7,180,and,O
7,180,a,O
7,180,maximum,O
7,180,power,O
7,180,density,O
7,180,of,O
7,180,89.57,B-val
7,180,kW,I-val
7,180,kg-1,I-val
7,181,This,O
7,181,kind,O
7,181,of,O
7,181,nitrogen-doped,B-mat
7,181,carbon,I-mat
7,181,nanofiber,B-morph
7,181,represents,O
7,181,an,O
7,181,alternative,O
7,181,promising,O
7,181,candidate,O
7,181,for,O
7,181,an,O
7,181,efficient,O
7,181,electrode,O
7,181,material,O
7,181,for,O
7,181,supercapacitors,O
7,182,Recently,O
7,182,we,O
7,182,have,O
7,182,developed,O
7,182,a,O
7,182,simple,O
7,182,template-directed,O
7,182,hydrothermal,B-proc
7,182,carbonization,I-proc
7,182,HTC,B-proc
7,182,process,O
7,182,for,O
7,182,controlled,O
7,182,synthesis,O
7,182,of,O
7,182,carbonaceous,B-mat
7,182,nanofibers,I-mat
7,182,CNFs,B-mat
7,182,and,O
7,182,monolithic,O
7,182,hydrogels/aerogels,O
7,182,on,O
7,182,macroscopic,O
7,182,scale,O
7,183,In,O
7,183,this,O
7,183,work,O
7,183,we,O
7,183,present,O
7,183,a,O
7,183,facile,O
7,183,route,O
7,183,to,O
7,183,prepare,O
7,183,the,O
7,183,high-content,O
7,183,nitrogen-doped,O
7,183,porous,O
7,183,CNFs,B-mat
7,183,containing,O
7,183,graphitic,O
7,183,frameworks,O
7,183,by,O
7,183,using,O
7,183,our,O
7,183,macroscopic-scale,O
7,183,CNFs,B-mat
7,183,as,O
7,183,the,O
7,183,precursor,O
7,184,the,O
7,184,results,O
7,184,have,O
7,184,demonstrated,O
7,184,that,O
7,184,nitrogen-doped,B-mat
7,184,porous,I-mat
7,184,carbon,I-mat
7,184,nanofibers,B-morph
7,184,exhibit,O
7,184,great,O
7,184,potential,O
7,184,as,O
7,184,an,O
7,184,efficient,O
7,184,electrode,O
7,184,material,O
7,184,for,O
7,184,supercapacitors,O
7,184,with,O
7,184,favorable,O
7,184,electrochemical,O
7,184,performance,O
7,184,that,O
7,184,is,O
7,184,a,O
7,184,relatively,O
7,184,high,O
7,184,specific,O
7,184,capacity,O
7,184,and,O
7,184,excellent,O
7,184,rate,O
7,184,performance,O
7,184,when,O
7,184,compared,O
7,184,with,O
7,184,the,O
7,184,most,O
7,184,popular,O
7,184,N-containing,O
7,184,carbon,B-mat
7,184,materials,O
7,184,as,O
7,184,well,O
7,184,as,O
7,184,cycling,O
7,184,stability,O
7,185,A,O
7,185,schematic,O
7,185,illustration,O
7,185,for,O
7,185,the,O
7,185,preparation,O
7,185,of,O
7,185,nitrogen-doped,B-mat
7,185,carbonaceous,I-mat
7,185,nanofibers,I-mat
7,185,is,O
7,185,presented,O
7,185,inScheme,O
7,185,1,O
7,186,The,O
7,186,CNFs@polypyrrole,B-mat
7,186,CNFs@Ppy,B-mat
7,186,was,O
7,186,synthesized,O
7,186,via,O
7,186,the,O
7,186,CNF,B-mat
7,186,template,O
7,186,first,O
7,186,and,O
7,186,then,O
7,186,carbonized,B-proc
7,186,under,O
7,186,N2,B-mat
7,186,for,O
7,186,2,B-val
7,186,h,I-val
7,187,Our,O
7,187,recent,O
7,187,studies,O
7,187,demonstrated,O
7,187,that,O
7,187,the,O
7,187,carbonaceous,B-mat
7,187,nanofibers,I-mat
7,187,can,O
7,187,be,O
7,187,fabricated,O
7,187,on,O
7,187,a,O
7,187,macroscopic,O
7,187,scale,O
7,187,by,O
7,187,a,O
7,187,simple,O
7,187,hydrothermal,B-proc
7,187,carbonization,I-proc
7,187,process,O
7,188,The,O
7,188,minor,O
7,188,difference,O
7,188,of,O
7,188,the,O
7,188,surface,O
7,188,morphology,O
7,188,between,O
7,188,CNFs,B-mat
7,188,and,O
7,188,CNFs@Ppy,B-mat
7,188,suggested,O
7,188,that,O
7,188,the,O
7,188,surfaces,O
7,188,of,O
7,188,CNFs,B-mat
7,188,were,O
7,188,coated,O
7,188,by,O
7,188,Ppy,B-mat
7,188,quite,O
7,188,well,O
7,189,After,O
7,189,that,O
7,189,the,O
7,189,CNFs@Ppy,B-mat
7,189,was,O
7,189,carbonized,B-proc
7,189,in,O
7,189,N2,B-mat
7,189,atmosphere,O
7,189,resulting,O
7,189,in,O
7,189,the,O
7,189,formation,O
7,189,of,O
7,189,nitrogen-doped,B-mat
7,189,CNFs,I-mat
7,190,Herein,O
7,190,the,O
7,190,precursor,O
7,190,CNFs@Ppy,B-mat
7,190,was,O
7,190,annealed,B-proc
7,190,at,O
7,190,500,B-val
7,190,700,B-val
7,190,900,B-val
7,190,and,O
7,190,1100,B-val
7,190,°C,I-val
7,190,in,O
7,190,N2,B-mat
7,190,atmosphere,O
7,190,at,O
7,190,a,O
7,190,flow,O
7,190,rate,O
7,190,of,O
7,190,150,B-val
7,190,cm3,I-val
7,190,min-1,I-val
7,190,denoted,O
7,190,as,O
7,190,N-CNFs-500,B-mat
7,190,N-CNFs-700,B-mat
7,190,N-CNFs-900,B-mat
7,190,and,O
7,190,N-CNFs-1100,B-mat
7,190,respectively,O
7,191,In,O
7,191,contrast,O
7,191,only,O
7,191,one,O
7,191,wide,O
7,191,diffraction,O
7,191,peak,O
7,191,was,O
7,191,observed,O
7,191,for,O
7,191,the,O
7,191,CNFs@Ppy,B-mat
7,191,which,O
7,191,indicates,O
7,191,that,O
7,191,this,O
7,191,material,O
7,191,has,O
7,191,amorphous,O
7,191,nature,O
7,191,and,O
7,191,does,O
7,191,not,O
7,191,contain,O
7,191,graphitized,O
7,191,carbon,B-mat
7,192,The,O
7,192,percentage,O
7,192,of,O
7,192,nitrogen,B-mat
7,192,in,O
7,192,CNFs@Ppy,B-mat
7,192,N-CNFs-500,B-mat
7,192,N-CNFs-700,B-mat
7,192,N-CNFs-900,B-mat
7,192,and,O
7,192,N-CNFs-1100,B-mat
7,192,was,O
7,192,calculated,O
7,192,from,O
7,192,the,O
7,192,XPS,O
7,192,survey,O
7,192,spectrum,O
7,192,to,O
7,192,be,O
7,192,around,O
7,192,12.14,B-val
7,192,12.04,B-val
7,192,9.57,B-val
7,192,7.22,B-val
7,192,and,O
7,192,4.02%,B-val
7,192,respectively,O
7,193,Additionally,O
7,193,when,O
7,193,the,O
7,193,carbonization,B-proc
7,193,temperature,O
7,193,increased,O
7,193,the,O
7,193,values,O
7,193,of,O
7,193,nN-6/nN-Q,O
7,193,nN-6/nN-Q,O
7,193,values,O
7,193,of,O
7,193,N-CNFs-500,B-mat
7,193,N-CNFs-700,B-mat
7,193,N-CNFs-900,B-mat
7,193,and,O
7,193,N-CNFs-1100,B-mat
7,193,are,O
7,193,31.31,B-val
7,193,27.35,B-val
7,193,23.13,B-val
7,193,and,O
7,193,14.36%,B-val
7,193,respectively,O
7,193,decreased,O
7,193,in,O
7,193,the,O
7,193,N-CNFs,B-mat
7,193,indicating,O
7,193,the,O
7,193,formed,O
7,193,N-Qis,O
7,193,much,O
7,193,more,O
7,193,stable,O
7,193,than,O
7,193,N-6,O
7,193,at,O
7,193,high,O
7,193,temperatures,O
7,194,For,O
7,194,the,O
7,194,sake,O
7,194,of,O
7,194,consistency,O
7,194,and,O
7,194,comparability,O
7,194,the,O
7,194,capacitance,O
7,194,value,O
7,194,and,O
7,194,cycling,O
7,194,performance,O
7,194,of,O
7,194,our,O
7,194,samples,O
7,194,were,O
7,194,studied,O
7,194,in,O
7,194,6,B-val
7,194,mol,I-val
7,194,L-1,I-val
7,194,aqueous,B-electrolyte
7,194,KOH,I-electrolyte
7,194,using,O
7,194,three-electrode,O
7,194,cells,O
7,194,at,O
7,194,room,O
7,194,temperature,O
8,195,Nanoporous,B-morph
8,195,carbon,B-mat
8,195,electrodes,O
8,195,which,O
8,195,give,O
8,195,larger,O
8,195,capacitances,O
8,195,than,O
8,195,simpler,O
8,195,geometries,O
8,195,might,O
8,195,be,O
8,195,expected,O
8,195,to,O
8,195,show,O
8,195,poorer,O
8,195,power,O
8,195,performances,O
8,195,because,O
8,195,of,O
8,195,the,O
8,195,longer,O
8,195,times,O
8,195,taken,O
8,195,by,O
8,195,the,O
8,195,ions,O
8,195,to,O
8,195,access,O
8,195,the,O
8,195,electrode,O
8,195,interior,O
8,196,Here,O
8,196,we,O
8,196,perform,O
8,196,constant,B-proc
8,196,potential,I-proc
8,196,molecular,I-proc
8,196,dynamics,I-proc
8,196,simulations,I-proc
8,196,involving,O
8,196,realistic,O
8,196,models,O
8,196,of,O
8,196,nanoporous,B-morph
8,196,carbon,B-mat
8,196,electrodes,O
8,196,with,O
8,196,an,O
8,196,ionic,B-electrolyte
8,196,liquid,I-electrolyte
8,196,electrolyte,O
8,197,Finally,O
8,197,by,O
8,197,using,O
8,197,an,O
8,197,equivalent,B-proc
8,197,circuit,I-proc
8,197,model,O
8,197,we,O
8,197,show,O
8,197,that,O
8,197,a,O
8,197,macroscopic,O
8,197,electrode,O
8,197,would,O
8,197,charge,O
8,197,on,O
8,197,the,O
8,197,time,O
8,197,scale,O
8,197,of,O
8,197,1,B-val
8,197,s,I-val
8,197,which,O
8,197,means,O
8,197,that,O
8,197,the,O
8,197,power,O
8,197,density,O
8,197,of,O
8,197,such,O
8,197,a,O
8,197,device,O
8,197,would,O
8,197,be,O
8,197,very,O
8,197,good,O
8,198,The,O
8,198,system,O
8,198,we,O
8,198,simulate,O
8,198,is,O
8,198,composed,O
8,198,of,O
8,198,an,O
8,198,ionic,B-electrolyte
8,198,liquid,I-electrolyte
8,198,electrolyte,O
8,198,1-butyl-3-methylimidazolium,B-electrolyte
8,198,hexafluorophosphate,I-electrolyte
8,198,BMI-PF6,B-electrolyte
8,198,confined,O
8,198,between,O
8,198,a,O
8,198,pair,O
8,198,of,O
8,198,nanoporous,B-morph
8,198,carbon,B-mat
8,198,electrodes,O
8,199,They,O
8,199,were,O
8,199,shown,O
8,199,to,O
8,199,mimic,O
8,199,very,O
8,199,well,O
8,199,carbide-derived,B-mat
8,199,carbons,I-mat
8,199,CDCs,B-mat
8,199,obtained,O
8,199,under,O
8,199,various,O
8,199,synthesis,O
8,199,temperatures,O
8,199,so,O
8,199,that,O
8,199,we,O
8,199,will,O
8,199,label,O
8,199,them,O
8,199,following,O
8,199,the,O
8,199,corresponding,O
8,199,temperatures,O
8,199,in,O
8,199,°C,O
8,199,CDC-800,B-mat
8,199,CDC-950,B-mat
8,199,and,O
8,199,CDC-1200,B-mat
8,200,In,O
8,200,addition,O
8,200,the,O
8,200,structure,O
8,200,becomes,O
8,200,more,O
8,200,and,O
8,200,more,O
8,200,disordered,O
8,200,when,O
8,200,passing,O
8,200,from,O
8,200,CDC-1200,B-mat
8,200,to,O
8,200,CDC-950,B-mat
8,200,and,O
8,200,then,O
8,200,to,O
8,200,CDC-800,B-mat
8,201,The,O
8,201,comparison,O
8,201,of,O
8,201,the,O
8,201,different,O
8,201,porous,O
8,201,materials,O
8,201,shows,O
8,201,that,O
8,201,CDC-1200,B-mat
8,201,and,O
8,201,CDC-950,B-mat
8,201,seem,O
8,201,to,O
8,201,have,O
8,201,similar,O
8,201,charging,O
8,201,profiles,O
8,201,on,O
8,201,Figure,O
8,201,2,O
8,201,while,O
8,201,that,O
8,201,of,O
8,201,CDC-800,B-mat
8,201,is,O
8,201,markedly,O
8,201,different:,O
8,201,it,O
8,201,takes,O
8,201,a,O
8,201,much,O
8,201,longer,O
8,201,time,O
8,201,to,O
8,201,reach,O
8,201,the,O
8,201,plateau,O
8,201,régime,O
8,201,for,O
8,201,the,O
8,201,latter,O
8,202,This,O
8,202,behavior,O
8,202,can,O
8,202,be,O
8,202,linked,O
8,202,to,O
8,202,the,O
8,202,average,O
8,202,pore,O
8,202,sizes,O
8,202,which,O
8,202,are,O
8,202,identical,O
8,202,for,O
8,202,CDC-1200,B-mat
8,202,and,O
8,202,CDC-950,B-mat
8,202,with,O
8,202,those,O
8,202,of,O
8,202,CDC-800,B-mat
8,202,being,O
8,202,smaller,O
8,203,The,O
8,203,good,O
8,203,agreement,O
8,203,between,O
8,203,the,O
8,203,simple,O
8,203,two-slice,B-proc
8,203,model,I-proc
8,203,and,O
8,203,the,O
8,203,molecular,B-proc
8,203,simulation,I-proc
8,203,results,O
8,203,further,O
8,203,indicates,O
8,203,that,O
8,203,the,O
8,203,size,O
8,203,of,O
8,203,the,O
8,203,regions,O
8,203,defining,O
8,203,the,O
8,203,slices,O
8,203,is,O
8,203,adequate,O
8,204,In,O
8,204,conclusion,O
8,204,we,O
8,204,have,O
8,204,used,O
8,204,molecular,B-proc
8,204,dynamics,I-proc
8,204,simulations,I-proc
8,204,in,O
8,204,order,O
8,204,to,O
8,204,study,O
8,204,the,O
8,204,charging,O
8,204,of,O
8,204,electrified,O
8,204,nanoporous,B-morph
8,204,CDC,B-mat
8,204,electrodes,O
8,204,impregnated,O
8,204,with,O
8,204,a,O
8,204,BMI-PF6,B-electrolyte
8,204,electrolyte,O
8,205,Molecular,B-proc
8,205,dynamics,I-proc
8,205,simulations,I-proc
8,205,are,O
8,205,conducted,O
8,205,on,O
8,205,the,O
8,205,three,O
8,205,different,O
8,205,systems,O
8,205,with,O
8,205,a,O
8,205,time,O
8,205,step,O
8,205,of,O
8,205,2,B-val
8,205,fs,I-val
8,205,which,O
8,205,is,O
8,205,consistent,O
8,205,with,O
8,205,the,O
8,205,coarse-grained,B-proc
8,205,model,I-proc
8,205,used,O
9,206,The,O
9,206,procedure,O
9,206,is,O
9,206,based,O
9,206,on,O
9,206,the,O
9,206,carbonization,B-proc
9,206,of,O
9,206,an,O
9,206,organic,O
9,206,salt,O
9,206,i.e.,O
9,206,potassium,B-mat
9,206,citrate,I-mat
9,206,at,O
9,206,a,O
9,206,temperature,O
9,206,in,O
9,206,the,O
9,206,750-900,O
9,206,°C,O
9,206,range,O
9,207,In,O
9,207,this,O
9,207,way,O
9,207,carbon,B-mat
9,207,particles,O
9,207,made,O
9,207,up,O
9,207,of,O
9,207,interconnected,O
9,207,carbon,B-mat
9,207,nanosheets,B-morph
9,207,with,O
9,207,a,O
9,207,thickness,O
9,207,of,O
9,207,<80,O
9,207,nm,O
9,207,are,O
9,207,obtained,O
9,208,In,O
9,208,this,O
9,208,paper,O
9,208,we,O
9,208,present,O
9,208,a,O
9,208,template-free,O
9,208,one-step,B-proc
9,208,procedure,I-proc
9,208,for,O
9,208,the,O
9,208,fabrication,O
9,208,of,O
9,208,nonaggregated,O
9,208,high-surface,O
9,208,area,O
9,208,porous,B-mat
9,208,carbon,I-mat
9,208,nanosheets,I-mat
9,208,PCNS,B-mat
9,209,The,O
9,209,procedure,O
9,209,for,O
9,209,fabricating,O
9,209,the,O
9,209,PCNS,B-mat
9,209,involves,O
9,209,the,O
9,209,carbonization,B-proc
9,209,of,O
9,209,potassium,B-mat
9,209,citrate,I-mat
9,209,by,O
9,209,means,O
9,209,of,O
9,209,a,O
9,209,synthesis,O
9,209,strategy,O
9,209,recently,O
9,209,developed,O
9,209,in,O
9,209,our,O
9,209,laboratory,O
9,210,The,O
9,210,washing,O
9,210,step,O
9,210,removes,O
9,210,completely,O
9,210,the,O
9,210,inorganic,O
9,210,impurities,O
9,210,as,O
9,210,confirmed,O
9,210,by,O
9,210,the,O
9,210,XPS,O
9,210,general,O
9,210,spectra,O
9,210,depicted,O
9,210,in,O
9,210,Figure,O
9,210,S2,O
9,210,SI,O
9,210,for,O
9,210,the,O
9,210,samples,O
9,210,CK-850,B-mat
9,210,and,O
9,210,CK-900,B-mat
9,210,which,O
9,210,show,O
9,210,that,O
9,210,the,O
9,210,carbon,B-mat
9,210,particles,O
9,210,do,O
9,210,not,O
9,210,contain,O
9,210,any,O
9,210,inorganic,O
9,210,impurity,O
9,210,and,O
9,210,they,O
9,210,are,O
9,210,mainly,O
9,210,composed,O
9,210,of,O
9,210,carbon,B-mat
9,210,>93,O
9,210,at,O
9,210,%,O
9,210,with,O
9,210,less,O
9,210,than,O
9,210,6.5,B-val
9,210,at,I-val
9,210,%,I-val
9,210,oxygen,B-mat
9,211,The,O
9,211,above,O
9,211,results,O
9,211,demonstrate,O
9,211,that,O
9,211,the,O
9,211,use,O
9,211,of,O
9,211,potassium,B-mat
9,211,citrate,I-mat
9,211,as,O
9,211,carbon,B-mat
9,211,precursor,O
9,211,allows,O
9,211,the,O
9,211,integration,O
9,211,of,O
9,211,the,O
9,211,carbonization,B-proc
9,211,and,O
9,211,activation,B-proc
9,211,processes,O
9,211,in,O
9,211,only,O
9,211,one,O
9,211,step,O
9,211,simplifying,O
9,211,the,O
9,211,production,O
9,211,of,O
9,211,porous,O
9,211,carbons,B-mat
9,211,considerably,O
9,212,Thus,O
9,212,the,O
9,212,ID/IG,O
9,212,ratio,O
9,212,decreases,O
9,212,from,O
9,212,0.905,B-val
9,212,for,O
9,212,CK-750,B-mat
9,212,to,O
9,212,0.834,B-val
9,212,for,O
9,212,CK-900,B-mat
9,213,To,O
9,213,confirm,O
9,213,this,O
9,213,the,O
9,213,electrochemical,O
9,213,properties,O
9,213,of,O
9,213,PCNS,B-mat
9,213,were,O
9,213,measured,O
9,213,in,O
9,213,organic,B-electrolyte
9,213,electrolyte,I-electrolyte
9,213,i.e.,O
9,213,1,B-val
9,213,M,I-val
9,213,TEABF4/AN,B-electrolyte
9,213,using,O
9,213,a,O
9,213,two-electrode,O
9,213,cell,O
9,213,system,O
9,214,In,O
9,214,a,O
9,214,typical,O
9,214,synthesis,O
9,214,procedure,O
9,214,5,B-val
9,214,g,I-val
9,214,of,O
9,214,potassium,B-mat
9,214,citrate,I-mat
9,214,Aldrich,O
9,214,was,O
9,214,heat-treated,B-proc
9,214,in,O
9,214,a,O
9,214,stainless,B-mat
9,214,steel,I-mat
9,214,reactor,O
9,214,under,O
9,214,nitrogen,B-mat
9,214,up,O
9,214,to,O
9,214,desired,O
9,214,temperature,O
9,215,A,O
9,215,1,B-val
9,215,M,I-val
9,215,tetraethylammonium,B-electrolyte
9,215,tetrafluoroborate,I-electrolyte
9,215,salt,O
9,215,TEABF4,B-electrolyte
9,215,electrochemical,O
9,215,grade,O
9,215,Sigma-Aldrich,O
9,215,solution,O
9,215,in,O
9,215,acetonitrile,O
9,215,was,O
9,215,used,O
9,215,as,O
9,215,electrolyte,O
10,216,Laboratory-scale,O
10,216,electrochemical,O
10,216,capacitor,O
10,216,cells,O
10,216,with,O
10,216,bound,O
10,216,activated,O
10,216,carbon,B-mat
10,216,electrodes,O
10,216,and,O
10,216,acetonitrile-based,O
10,216,electrolyte,O
10,216,were,O
10,216,aged,O
10,216,at,O
10,216,various,O
10,216,elevated,O
10,216,constant,O
10,216,cell,O
10,216,voltages,O
10,216,between,O
10,216,2.75,B-val
10,216,V,I-val
10,216,and,O
10,216,4.0,B-val
10,216,V,I-val
10,217,During,O
10,217,the,O
10,217,constant,O
10,217,voltage,O
10,217,tests,O
10,217,the,O
10,217,cell,O
10,217,capacitance,O
10,217,as,O
10,217,well,O
10,217,as,O
10,217,the,O
10,217,capacitance,O
10,217,and,O
10,217,resistance,O
10,217,of,O
10,217,each,O
10,217,electrode,O
10,217,was,O
10,217,determined,O
10,218,Following,O
10,218,each,O
10,218,aging,O
10,218,experiment,O
10,218,the,O
10,218,cells,O
10,218,were,O
10,218,analyzed,O
10,218,by,O
10,218,means,O
10,218,of,O
10,218,electrochemical,O
10,218,impedance,O
10,218,spectroscopy,O
10,218,and,O
10,218,the,O
10,218,individual,O
10,218,electrodes,O
10,218,were,O
10,218,characterized,O
10,218,by,O
10,218,gas,O
10,218,adsorption,O
10,218,and,O
10,218,X-ray,O
10,218,photoelectron,O
10,218,spectroscopy,O
10,219,At,O
10,219,cell,O
10,219,voltages,O
10,219,above,O
10,219,3.0,B-val
10,219,V,I-val
10,219,the,O
10,219,positive,O
10,219,electrode,O
10,219,ages,O
10,219,much,O
10,219,faster,O
10,219,than,O
10,219,the,O
10,219,negative,O
10,220,Both,O
10,220,the,O
10,220,capacitance,O
10,220,loss,O
10,220,and,O
10,220,resistance,O
10,220,increase,O
10,220,of,O
10,220,the,O
10,220,cell,O
10,220,could,O
10,220,be,O
10,220,totally,O
10,220,attributed,O
10,220,to,O
10,220,the,O
10,220,positive,O
10,220,electrode,O
10,221,At,O
10,221,cell,O
10,221,voltages,O
10,221,above,O
10,221,3.5,B-val
10,221,V,I-val
10,221,also,O
10,221,the,O
10,221,negative,O
10,221,electrode,O
10,221,aged,O
10,221,significantly,O
10,222,X-ray,O
10,222,photoelectron,O
10,222,spectroscopy,O
10,222,indicated,O
10,222,the,O
10,222,presence,O
10,222,of,O
10,222,degradation,O
10,222,products,O
10,222,on,O
10,222,the,O
10,222,electrode,O
10,222,surface,O
10,222,with,O
10,222,a,O
10,222,much,O
10,222,thicker,O
10,222,layer,O
10,222,on,O
10,222,the,O
10,222,positive,O
10,222,electrode,O
10,223,Simultaneously,O
10,223,a,O
10,223,significant,O
10,223,decrease,O
10,223,in,O
10,223,electrode,O
10,223,porosity,O
10,223,could,O
10,223,be,O
10,223,detected,O
10,223,by,O
10,223,gas,O
10,223,adsorption,O